dataset,fold,step,fe
hill-valley,0,0,ht_svd
hill-valley,0,1,ht_svd
hill-valley,0,2,ht_svd
hill-valley,0,3,ht_svd
hill-valley,0,4,ht_svd
hill-valley,0,5,ht_svd
hill-valley,0,6,ht_svd
hill-valley,0,7,ht_svd
hill-valley,0,8,ht_svd
hill-valley,0,9,ht_svd
hill-valley,0,10,ht_svd
hill-valley,0,11,ht_svd
hill-valley,0,12,ht_svd
hill-valley,0,13,identity
hill-valley,0,14,ht_svd
hill-valley,0,15,ht_svd
hill-valley,0,16,ht_svd
hill-valley,0,17,ht_svd
hill-valley,0,18,ht_svd
hill-valley,0,19,ht_svd
hill-valley,0,20,ht_svd
hill-valley,0,21,ht_svd
hill-valley,0,22,autofeat
hill-valley,0,23,ht_svd
hill-valley,0,24,ht_svd
hill-valley,0,25,ht_svd
hill-valley,0,26,autofeat
hill-valley,0,27,random_proj
hill-valley,0,28,autofeat
hill-valley,0,29,ht_svd
hill-valley,0,30,autofeat
hill-valley,0,31,autofeat
hill-valley,0,32,random_proj
hill-valley,0,33,autofeat
hill-valley,0,34,ht_svd
hill-valley,0,35,ht_svd
hill-valley,0,36,identity
hill-valley,0,37,random_proj
hill-valley,0,38,autofeat
hill-valley,0,39,identity
hill-valley,0,40,autofeat
hill-valley,0,41,identity
hill-valley,0,42,autofeat
hill-valley,0,43,ht_svd
hill-valley,0,44,autofeat
hill-valley,0,45,identity
hill-valley,0,46,autofeat
hill-valley,0,47,ht_svd
hill-valley,0,48,random_proj
hill-valley,0,49,ht_svd
hill-valley,0,50,identity
hill-valley,0,51,autofeat
hill-valley,0,52,random_proj
hill-valley,0,53,ht_svd
hill-valley,0,54,identity
hill-valley,0,55,autofeat
hill-valley,0,56,random_proj
hill-valley,0,57,ht_svd
hill-valley,0,58,identity
hill-valley,0,59,random_proj
hill-valley,0,60,autofeat
hill-valley,0,61,identity
hill-valley,0,62,identity
hill-valley,0,63,autofeat
hill-valley,0,64,identity
hill-valley,0,65,autofeat
hill-valley,0,66,autofeat
hill-valley,0,67,autofeat
hill-valley,0,68,random_proj
hill-valley,0,69,identity
hill-valley,0,70,autofeat
hill-valley,0,71,identity
hill-valley,0,72,autofeat
hill-valley,0,73,autofeat
hill-valley,0,74,autofeat
hill-valley,0,75,autofeat
hill-valley,0,76,autofeat
hill-valley,0,77,identity
hill-valley,0,78,random_proj
hill-valley,0,79,ht_svd
hill-valley,0,80,identity
hill-valley,0,81,identity
hill-valley,0,82,autofeat
hill-valley,0,83,autofeat
hill-valley,0,84,identity
hill-valley,0,85,identity
hill-valley,0,86,autofeat
hill-valley,0,87,autofeat
hill-valley,0,88,ht_svd
hill-valley,0,89,identity
hill-valley,0,90,ht_svd
hill-valley,0,91,random_proj
hill-valley,0,92,autofeat
hill-valley,0,93,autofeat
hill-valley,0,94,identity
hill-valley,0,95,autofeat
hill-valley,0,96,identity
hill-valley,0,97,identity
hill-valley,0,98,autofeat
hill-valley,0,99,autofeat
hill-valley,1,0,ht_svd
hill-valley,1,1,ht_svd
hill-valley,1,2,ht_svd
hill-valley,1,3,ht_svd
hill-valley,1,4,ht_svd
hill-valley,1,5,ht_svd
hill-valley,1,6,random_proj
hill-valley,1,7,random_proj
hill-valley,1,8,random_proj
hill-valley,1,9,ht_svd
hill-valley,1,10,ht_svd
hill-valley,1,11,ht_svd
hill-valley,1,12,random_proj
hill-valley,1,13,random_proj
hill-valley,1,14,ht_svd
hill-valley,1,15,ht_svd
hill-valley,1,16,random_proj
hill-valley,1,17,random_proj
hill-valley,1,18,ht_svd
hill-valley,1,19,ht_svd
hill-valley,1,20,identity
hill-valley,1,21,random_proj
hill-valley,1,22,identity
hill-valley,1,23,identity
hill-valley,1,24,random_proj
hill-valley,1,25,random_proj
hill-valley,1,26,random_proj
hill-valley,1,27,ht_svd
hill-valley,1,28,random_proj
hill-valley,1,29,random_proj
hill-valley,1,30,random_proj
hill-valley,1,31,ht_svd
hill-valley,1,32,random_proj
hill-valley,1,33,ht_svd
hill-valley,1,34,random_proj
hill-valley,1,35,autofeat
hill-valley,1,36,identity
hill-valley,1,37,random_proj
hill-valley,1,38,autofeat
hill-valley,1,39,random_proj
hill-valley,1,40,random_proj
hill-valley,1,41,random_proj
hill-valley,1,42,identity
hill-valley,1,43,autofeat
hill-valley,1,44,random_proj
hill-valley,1,45,autofeat
hill-valley,1,46,autofeat
hill-valley,1,47,random_proj
hill-valley,1,48,autofeat
hill-valley,1,49,autofeat
hill-valley,1,50,random_proj
hill-valley,1,51,autofeat
hill-valley,1,52,random_proj
hill-valley,1,53,ht_svd
hill-valley,1,54,random_proj
hill-valley,1,55,random_proj
hill-valley,1,56,random_proj
hill-valley,1,57,random_proj
hill-valley,1,58,autofeat
hill-valley,1,59,random_proj
hill-valley,1,60,random_proj
hill-valley,1,61,autofeat
hill-valley,1,62,random_proj
hill-valley,1,63,autofeat
hill-valley,1,64,random_proj
hill-valley,1,65,random_proj
hill-valley,1,66,random_proj
hill-valley,1,67,random_proj
hill-valley,1,68,random_proj
hill-valley,1,69,autofeat
hill-valley,1,70,ht_svd
hill-valley,1,71,random_proj
hill-valley,1,72,identity
hill-valley,1,73,identity
hill-valley,1,74,random_proj
hill-valley,1,75,random_proj
hill-valley,1,76,random_proj
hill-valley,1,77,random_proj
hill-valley,1,78,identity
hill-valley,1,79,random_proj
hill-valley,1,80,random_proj
hill-valley,1,81,identity
hill-valley,1,82,autofeat
hill-valley,1,83,identity
hill-valley,1,84,random_proj
hill-valley,1,85,random_proj
hill-valley,1,86,identity
hill-valley,1,87,identity
hill-valley,1,88,identity
hill-valley,1,89,random_proj
hill-valley,1,90,random_proj
hill-valley,1,91,autofeat
hill-valley,1,92,random_proj
hill-valley,1,93,identity
hill-valley,1,94,identity
hill-valley,1,95,random_proj
hill-valley,1,96,random_proj
hill-valley,1,97,random_proj
hill-valley,1,98,identity
hill-valley,1,99,random_proj
hill-valley,2,0,ht_svd
hill-valley,2,1,ht_svd
hill-valley,2,2,ht_svd
hill-valley,2,3,ht_svd
hill-valley,2,4,ht_svd
hill-valley,2,5,ht_svd
hill-valley,2,6,ht_svd
hill-valley,2,7,ht_svd
hill-valley,2,8,ht_svd
hill-valley,2,9,ht_svd
hill-valley,2,10,ht_svd
hill-valley,2,11,random_proj
hill-valley,2,12,random_proj
hill-valley,2,13,random_proj
hill-valley,2,14,ht_svd
hill-valley,2,15,autofeat
hill-valley,2,16,ht_svd
hill-valley,2,17,random_proj
hill-valley,2,18,identity
hill-valley,2,19,identity
hill-valley,2,20,random_proj
hill-valley,2,21,ht_svd
hill-valley,2,22,random_proj
hill-valley,2,23,ht_svd
hill-valley,2,24,random_proj
hill-valley,2,25,ht_svd
hill-valley,2,26,random_proj
hill-valley,2,27,random_proj
hill-valley,2,28,autofeat
hill-valley,2,29,ht_svd
hill-valley,2,30,autofeat
hill-valley,2,31,identity
hill-valley,2,32,ht_svd
hill-valley,2,33,autofeat
hill-valley,2,34,random_proj
hill-valley,2,35,random_proj
hill-valley,2,36,random_proj
hill-valley,2,37,autofeat
hill-valley,2,38,autofeat
hill-valley,2,39,random_proj
hill-valley,2,40,autofeat
hill-valley,2,41,random_proj
hill-valley,2,42,random_proj
hill-valley,2,43,autofeat
hill-valley,2,44,identity
hill-valley,2,45,autofeat
hill-valley,2,46,autofeat
hill-valley,2,47,random_proj
hill-valley,2,48,random_proj
hill-valley,2,49,identity
hill-valley,2,50,identity
hill-valley,2,51,ht_svd
hill-valley,2,52,random_proj
hill-valley,2,53,autofeat
hill-valley,2,54,identity
hill-valley,2,55,ht_svd
hill-valley,2,56,identity
hill-valley,2,57,random_proj
hill-valley,2,58,random_proj
hill-valley,2,59,random_proj
hill-valley,2,60,identity
hill-valley,2,61,identity
hill-valley,2,62,random_proj
hill-valley,2,63,random_proj
hill-valley,2,64,autofeat
hill-valley,2,65,autofeat
hill-valley,2,66,autofeat
hill-valley,2,67,random_proj
hill-valley,2,68,random_proj
hill-valley,2,69,autofeat
hill-valley,2,70,ht_svd
hill-valley,2,71,identity
hill-valley,2,72,identity
hill-valley,2,73,autofeat
hill-valley,2,74,identity
hill-valley,2,75,random_proj
hill-valley,2,76,autofeat
hill-valley,2,77,autofeat
hill-valley,2,78,identity
hill-valley,2,79,identity
hill-valley,2,80,random_proj
hill-valley,2,81,identity
hill-valley,2,82,random_proj
hill-valley,2,83,random_proj
hill-valley,2,84,random_proj
hill-valley,2,85,autofeat
hill-valley,2,86,autofeat
hill-valley,2,87,autofeat
hill-valley,2,88,identity
hill-valley,2,89,random_proj
hill-valley,2,90,random_proj
hill-valley,2,91,ht_svd
hill-valley,2,92,identity
hill-valley,2,93,random_proj
hill-valley,2,94,identity
hill-valley,2,95,identity
hill-valley,2,96,random_proj
hill-valley,2,97,identity
hill-valley,2,98,ht_svd
hill-valley,2,99,ht_svd
hill-valley,3,0,ht_svd
hill-valley,3,1,ht_svd
hill-valley,3,2,ht_svd
hill-valley,3,3,ht_svd
hill-valley,3,4,ht_svd
hill-valley,3,5,ht_svd
hill-valley,3,6,ht_svd
hill-valley,3,7,ht_svd
hill-valley,3,8,ht_svd
hill-valley,3,9,ht_svd
hill-valley,3,10,ht_svd
hill-valley,3,11,ht_svd
hill-valley,3,12,ht_svd
hill-valley,3,13,random_proj
hill-valley,3,14,random_proj
hill-valley,3,15,ht_svd
hill-valley,3,16,ht_svd
hill-valley,3,17,random_proj
hill-valley,3,18,random_proj
hill-valley,3,19,ht_svd
hill-valley,3,20,random_proj
hill-valley,3,21,ht_svd
hill-valley,3,22,ht_svd
hill-valley,3,23,ht_svd
hill-valley,3,24,random_proj
hill-valley,3,25,random_proj
hill-valley,3,26,ht_svd
hill-valley,3,27,ht_svd
hill-valley,3,28,random_proj
hill-valley,3,29,ht_svd
hill-valley,3,30,autofeat
hill-valley,3,31,ht_svd
hill-valley,3,32,random_proj
hill-valley,3,33,ht_svd
hill-valley,3,34,ht_svd
hill-valley,3,35,random_proj
hill-valley,3,36,ht_svd
hill-valley,3,37,ht_svd
hill-valley,3,38,ht_svd
hill-valley,3,39,autofeat
hill-valley,3,40,random_proj
hill-valley,3,41,random_proj
hill-valley,3,42,ht_svd
hill-valley,3,43,random_proj
hill-valley,3,44,ht_svd
hill-valley,3,45,ht_svd
hill-valley,3,46,autofeat
hill-valley,3,47,ht_svd
hill-valley,3,48,random_proj
hill-valley,3,49,ht_svd
hill-valley,3,50,random_proj
hill-valley,3,51,random_proj
hill-valley,3,52,identity
hill-valley,3,53,random_proj
hill-valley,3,54,autofeat
hill-valley,3,55,random_proj
hill-valley,3,56,identity
hill-valley,3,57,random_proj
hill-valley,3,58,ht_svd
hill-valley,3,59,ht_svd
hill-valley,3,60,ht_svd
hill-valley,3,61,identity
hill-valley,3,62,identity
hill-valley,3,63,autofeat
hill-valley,3,64,ht_svd
hill-valley,3,65,ht_svd
hill-valley,3,66,ht_svd
hill-valley,3,67,autofeat
hill-valley,3,68,random_proj
hill-valley,3,69,random_proj
hill-valley,3,70,random_proj
hill-valley,3,71,identity
hill-valley,3,72,ht_svd
hill-valley,3,73,random_proj
hill-valley,3,74,autofeat
hill-valley,3,75,autofeat
hill-valley,3,76,identity
hill-valley,3,77,autofeat
hill-valley,3,78,autofeat
hill-valley,3,79,identity
hill-valley,3,80,autofeat
hill-valley,3,81,ht_svd
hill-valley,3,82,autofeat
hill-valley,3,83,autofeat
hill-valley,3,84,autofeat
hill-valley,3,85,identity
hill-valley,3,86,autofeat
hill-valley,3,87,identity
hill-valley,3,88,random_proj
hill-valley,3,89,identity
hill-valley,3,90,identity
hill-valley,3,91,autofeat
hill-valley,3,92,identity
hill-valley,3,93,ht_svd
hill-valley,3,94,random_proj
hill-valley,3,95,identity
hill-valley,3,96,autofeat
hill-valley,3,97,autofeat
hill-valley,3,98,autofeat
hill-valley,3,99,random_proj
statlog-image,0,0,identity
statlog-image,0,1,autofeat
statlog-image,0,2,identity
statlog-image,0,3,identity
statlog-image,0,4,identity
statlog-image,0,5,identity
statlog-image,0,6,autofeat
statlog-image,0,7,autofeat
statlog-image,0,8,identity
statlog-image,0,9,autofeat
statlog-image,0,10,identity
statlog-image,0,11,identity
statlog-image,0,12,autofeat
statlog-image,0,13,autofeat
statlog-image,0,14,identity
statlog-image,0,15,autofeat
statlog-image,0,16,ht_svd
statlog-image,0,17,ht_svd
statlog-image,0,18,random_proj
statlog-image,0,19,identity
statlog-image,0,20,identity
statlog-image,0,21,identity
statlog-image,0,22,ht_svd
statlog-image,0,23,identity
statlog-image,0,24,autofeat
statlog-image,0,25,identity
statlog-image,0,26,identity
statlog-image,0,27,ht_svd
statlog-image,0,28,autofeat
statlog-image,0,29,autofeat
statlog-image,0,30,autofeat
statlog-image,0,31,autofeat
statlog-image,0,32,random_proj
statlog-image,0,33,identity
statlog-image,0,34,autofeat
statlog-image,0,35,autofeat
statlog-image,0,36,autofeat
statlog-image,0,37,autofeat
statlog-image,0,38,autofeat
statlog-image,0,39,ht_svd
statlog-image,0,40,autofeat
statlog-image,0,41,ht_svd
statlog-image,0,42,identity
statlog-image,0,43,autofeat
statlog-image,0,44,autofeat
statlog-image,0,45,autofeat
statlog-image,0,46,autofeat
statlog-image,0,47,identity
statlog-image,0,48,autofeat
statlog-image,0,49,identity
statlog-image,0,50,autofeat
statlog-image,0,51,ht_svd
statlog-image,0,52,autofeat
statlog-image,0,53,autofeat
statlog-image,0,54,ht_svd
statlog-image,0,55,identity
statlog-image,0,56,identity
statlog-image,0,57,autofeat
statlog-image,0,58,autofeat
statlog-image,0,59,autofeat
statlog-image,0,60,autofeat
statlog-image,0,61,random_proj
statlog-image,0,62,random_proj
statlog-image,0,63,random_proj
statlog-image,0,64,random_proj
statlog-image,0,65,ht_svd
statlog-image,0,66,ht_svd
statlog-image,0,67,random_proj
statlog-image,0,68,ht_svd
statlog-image,0,69,ht_svd
statlog-image,0,70,ht_svd
statlog-image,0,71,random_proj
statlog-image,0,72,autofeat
statlog-image,0,73,random_proj
statlog-image,0,74,ht_svd
statlog-image,0,75,ht_svd
statlog-image,0,76,ht_svd
statlog-image,0,77,ht_svd
statlog-image,0,78,random_proj
statlog-image,0,79,ht_svd
statlog-image,0,80,ht_svd
statlog-image,0,81,ht_svd
statlog-image,0,82,random_proj
statlog-image,0,83,ht_svd
statlog-image,0,84,random_proj
statlog-image,0,85,ht_svd
statlog-image,0,86,ht_svd
statlog-image,0,87,random_proj
statlog-image,0,88,ht_svd
statlog-image,0,89,random_proj
statlog-image,0,90,ht_svd
statlog-image,0,91,random_proj
statlog-image,0,92,ht_svd
statlog-image,0,93,ht_svd
statlog-image,0,94,ht_svd
statlog-image,0,95,ht_svd
statlog-image,0,96,ht_svd
statlog-image,0,97,ht_svd
statlog-image,0,98,random_proj
statlog-image,0,99,random_proj
statlog-image,1,0,autofeat
statlog-image,1,1,identity
statlog-image,1,2,autofeat
statlog-image,1,3,identity
statlog-image,1,4,autofeat
statlog-image,1,5,identity
statlog-image,1,6,autofeat
statlog-image,1,7,autofeat
statlog-image,1,8,identity
statlog-image,1,9,autofeat
statlog-image,1,10,identity
statlog-image,1,11,identity
statlog-image,1,12,autofeat
statlog-image,1,13,autofeat
statlog-image,1,14,autofeat
statlog-image,1,15,autofeat
statlog-image,1,16,autofeat
statlog-image,1,17,autofeat
statlog-image,1,18,autofeat
statlog-image,1,19,autofeat
statlog-image,1,20,autofeat
statlog-image,1,21,identity
statlog-image,1,22,identity
statlog-image,1,23,autofeat
statlog-image,1,24,autofeat
statlog-image,1,25,autofeat
statlog-image,1,26,autofeat
statlog-image,1,27,identity
statlog-image,1,28,autofeat
statlog-image,1,29,autofeat
statlog-image,1,30,identity
statlog-image,1,31,ht_svd
statlog-image,1,32,random_proj
statlog-image,1,33,random_proj
statlog-image,1,34,autofeat
statlog-image,1,35,autofeat
statlog-image,1,36,ht_svd
statlog-image,1,37,autofeat
statlog-image,1,38,ht_svd
statlog-image,1,39,ht_svd
statlog-image,1,40,ht_svd
statlog-image,1,41,ht_svd
statlog-image,1,42,random_proj
statlog-image,1,43,ht_svd
statlog-image,1,44,ht_svd
statlog-image,1,45,ht_svd
statlog-image,1,46,autofeat
statlog-image,1,47,ht_svd
statlog-image,1,48,ht_svd
statlog-image,1,49,autofeat
statlog-image,1,50,ht_svd
statlog-image,1,51,ht_svd
statlog-image,1,52,random_proj
statlog-image,1,53,ht_svd
statlog-image,1,54,ht_svd
statlog-image,1,55,ht_svd
statlog-image,1,56,ht_svd
statlog-image,1,57,ht_svd
statlog-image,1,58,identity
statlog-image,1,59,ht_svd
statlog-image,1,60,ht_svd
statlog-image,1,61,random_proj
statlog-image,1,62,ht_svd
statlog-image,1,63,ht_svd
statlog-image,1,64,random_proj
statlog-image,1,65,ht_svd
statlog-image,1,66,ht_svd
statlog-image,1,67,random_proj
statlog-image,1,68,random_proj
statlog-image,1,69,random_proj
statlog-image,1,70,autofeat
statlog-image,1,71,random_proj
statlog-image,1,72,random_proj
statlog-image,1,73,ht_svd
statlog-image,1,74,random_proj
statlog-image,1,75,ht_svd
statlog-image,1,76,random_proj
statlog-image,1,77,random_proj
statlog-image,1,78,ht_svd
statlog-image,1,79,identity
statlog-image,1,80,ht_svd
statlog-image,1,81,ht_svd
statlog-image,1,82,ht_svd
statlog-image,1,83,ht_svd
statlog-image,1,84,ht_svd
statlog-image,1,85,ht_svd
statlog-image,1,86,random_proj
statlog-image,1,87,ht_svd
statlog-image,1,88,ht_svd
statlog-image,1,89,random_proj
statlog-image,1,90,random_proj
statlog-image,1,91,identity
statlog-image,1,92,ht_svd
statlog-image,1,93,autofeat
statlog-image,1,94,autofeat
statlog-image,1,95,autofeat
statlog-image,1,96,identity
statlog-image,1,97,ht_svd
statlog-image,1,98,ht_svd
statlog-image,1,99,ht_svd
statlog-image,2,0,identity
statlog-image,2,1,identity
statlog-image,2,2,identity
statlog-image,2,3,identity
statlog-image,2,4,identity
statlog-image,2,5,identity
statlog-image,2,6,identity
statlog-image,2,7,autofeat
statlog-image,2,8,autofeat
statlog-image,2,9,identity
statlog-image,2,10,identity
statlog-image,2,11,identity
statlog-image,2,12,identity
statlog-image,2,13,identity
statlog-image,2,14,identity
statlog-image,2,15,autofeat
statlog-image,2,16,identity
statlog-image,2,17,identity
statlog-image,2,18,autofeat
statlog-image,2,19,random_proj
statlog-image,2,20,random_proj
statlog-image,2,21,identity
statlog-image,2,22,random_proj
statlog-image,2,23,autofeat
statlog-image,2,24,ht_svd
statlog-image,2,25,ht_svd
statlog-image,2,26,ht_svd
statlog-image,2,27,ht_svd
statlog-image,2,28,autofeat
statlog-image,2,29,ht_svd
statlog-image,2,30,ht_svd
statlog-image,2,31,autofeat
statlog-image,2,32,random_proj
statlog-image,2,33,random_proj
statlog-image,2,34,identity
statlog-image,2,35,ht_svd
statlog-image,2,36,random_proj
statlog-image,2,37,ht_svd
statlog-image,2,38,ht_svd
statlog-image,2,39,identity
statlog-image,2,40,random_proj
statlog-image,2,41,random_proj
statlog-image,2,42,random_proj
statlog-image,2,43,ht_svd
statlog-image,2,44,random_proj
statlog-image,2,45,ht_svd
statlog-image,2,46,random_proj
statlog-image,2,47,autofeat
statlog-image,2,48,autofeat
statlog-image,2,49,identity
statlog-image,2,50,random_proj
statlog-image,2,51,autofeat
statlog-image,2,52,autofeat
statlog-image,2,53,autofeat
statlog-image,2,54,random_proj
statlog-image,2,55,autofeat
statlog-image,2,56,random_proj
statlog-image,2,57,autofeat
statlog-image,2,58,ht_svd
statlog-image,2,59,random_proj
statlog-image,2,60,ht_svd
statlog-image,2,61,ht_svd
statlog-image,2,62,ht_svd
statlog-image,2,63,ht_svd
statlog-image,2,64,ht_svd
statlog-image,2,65,identity
statlog-image,2,66,ht_svd
statlog-image,2,67,autofeat
statlog-image,2,68,ht_svd
statlog-image,2,69,ht_svd
statlog-image,2,70,identity
statlog-image,2,71,ht_svd
statlog-image,2,72,random_proj
statlog-image,2,73,identity
statlog-image,2,74,ht_svd
statlog-image,2,75,ht_svd
statlog-image,2,76,ht_svd
statlog-image,2,77,ht_svd
statlog-image,2,78,ht_svd
statlog-image,2,79,identity
statlog-image,2,80,ht_svd
statlog-image,2,81,random_proj
statlog-image,2,82,identity
statlog-image,2,83,ht_svd
statlog-image,2,84,ht_svd
statlog-image,2,85,ht_svd
statlog-image,2,86,ht_svd
statlog-image,2,87,ht_svd
statlog-image,2,88,ht_svd
statlog-image,2,89,ht_svd
statlog-image,2,90,ht_svd
statlog-image,2,91,ht_svd
statlog-image,2,92,ht_svd
statlog-image,2,93,ht_svd
statlog-image,2,94,ht_svd
statlog-image,2,95,ht_svd
statlog-image,2,96,ht_svd
statlog-image,2,97,ht_svd
statlog-image,2,98,ht_svd
statlog-image,2,99,ht_svd
statlog-image,3,0,identity
statlog-image,3,1,identity
statlog-image,3,2,identity
statlog-image,3,3,autofeat
statlog-image,3,4,identity
statlog-image,3,5,identity
statlog-image,3,6,identity
statlog-image,3,7,autofeat
statlog-image,3,8,identity
statlog-image,3,9,autofeat
statlog-image,3,10,autofeat
statlog-image,3,11,autofeat
statlog-image,3,12,autofeat
statlog-image,3,13,autofeat
statlog-image,3,14,identity
statlog-image,3,15,identity
statlog-image,3,16,autofeat
statlog-image,3,17,autofeat
statlog-image,3,18,identity
statlog-image,3,19,autofeat
statlog-image,3,20,autofeat
statlog-image,3,21,random_proj
statlog-image,3,22,random_proj
statlog-image,3,23,identity
statlog-image,3,24,identity
statlog-image,3,25,autofeat
statlog-image,3,26,identity
statlog-image,3,27,autofeat
statlog-image,3,28,autofeat
statlog-image,3,29,identity
statlog-image,3,30,autofeat
statlog-image,3,31,identity
statlog-image,3,32,identity
statlog-image,3,33,autofeat
statlog-image,3,34,autofeat
statlog-image,3,35,autofeat
statlog-image,3,36,autofeat
statlog-image,3,37,ht_svd
statlog-image,3,38,ht_svd
statlog-image,3,39,identity
statlog-image,3,40,identity
statlog-image,3,41,random_proj
statlog-image,3,42,random_proj
statlog-image,3,43,ht_svd
statlog-image,3,44,ht_svd
statlog-image,3,45,identity
statlog-image,3,46,identity
statlog-image,3,47,identity
statlog-image,3,48,ht_svd
statlog-image,3,49,identity
statlog-image,3,50,ht_svd
statlog-image,3,51,ht_svd
statlog-image,3,52,ht_svd
statlog-image,3,53,ht_svd
statlog-image,3,54,ht_svd
statlog-image,3,55,ht_svd
statlog-image,3,56,ht_svd
statlog-image,3,57,identity
statlog-image,3,58,identity
statlog-image,3,59,ht_svd
statlog-image,3,60,ht_svd
statlog-image,3,61,ht_svd
statlog-image,3,62,ht_svd
statlog-image,3,63,ht_svd
statlog-image,3,64,autofeat
statlog-image,3,65,ht_svd
statlog-image,3,66,ht_svd
statlog-image,3,67,ht_svd
statlog-image,3,68,ht_svd
statlog-image,3,69,identity
statlog-image,3,70,ht_svd
statlog-image,3,71,ht_svd
statlog-image,3,72,ht_svd
statlog-image,3,73,ht_svd
statlog-image,3,74,autofeat
statlog-image,3,75,random_proj
statlog-image,3,76,ht_svd
statlog-image,3,77,identity
statlog-image,3,78,ht_svd
statlog-image,3,79,ht_svd
statlog-image,3,80,random_proj
statlog-image,3,81,ht_svd
statlog-image,3,82,random_proj
statlog-image,3,83,ht_svd
statlog-image,3,84,ht_svd
statlog-image,3,85,ht_svd
statlog-image,3,86,ht_svd
statlog-image,3,87,ht_svd
statlog-image,3,88,ht_svd
statlog-image,3,89,identity
statlog-image,3,90,ht_svd
statlog-image,3,91,ht_svd
statlog-image,3,92,ht_svd
statlog-image,3,93,identity
statlog-image,3,94,ht_svd
statlog-image,3,95,ht_svd
statlog-image,3,96,ht_svd
statlog-image,3,97,ht_svd
statlog-image,3,98,ht_svd
statlog-image,3,99,autofeat
molec-biol-promoter,0,0,identity
molec-biol-promoter,0,1,autofeat
molec-biol-promoter,0,2,autofeat
molec-biol-promoter,0,3,identity
molec-biol-promoter,0,4,autofeat
molec-biol-promoter,0,5,autofeat
molec-biol-promoter,0,6,random_proj
molec-biol-promoter,0,7,identity
molec-biol-promoter,0,8,ht_svd
molec-biol-promoter,0,9,random_proj
molec-biol-promoter,0,10,autofeat
molec-biol-promoter,0,11,identity
molec-biol-promoter,0,12,identity
molec-biol-promoter,0,13,autofeat
molec-biol-promoter,0,14,ht_svd
molec-biol-promoter,0,15,random_proj
molec-biol-promoter,0,16,autofeat
molec-biol-promoter,0,17,identity
molec-biol-promoter,0,18,autofeat
molec-biol-promoter,0,19,autofeat
molec-biol-promoter,0,20,autofeat
molec-biol-promoter,0,21,identity
molec-biol-promoter,0,22,autofeat
molec-biol-promoter,0,23,identity
molec-biol-promoter,0,24,ht_svd
molec-biol-promoter,0,25,autofeat
molec-biol-promoter,0,26,identity
molec-biol-promoter,0,27,autofeat
molec-biol-promoter,0,28,identity
molec-biol-promoter,0,29,random_proj
molec-biol-promoter,0,30,ht_svd
molec-biol-promoter,0,31,autofeat
molec-biol-promoter,0,32,identity
molec-biol-promoter,0,33,autofeat
molec-biol-promoter,0,34,random_proj
molec-biol-promoter,0,35,autofeat
molec-biol-promoter,0,36,ht_svd
molec-biol-promoter,0,37,random_proj
molec-biol-promoter,0,38,identity
molec-biol-promoter,0,39,autofeat
molec-biol-promoter,0,40,ht_svd
molec-biol-promoter,0,41,random_proj
molec-biol-promoter,0,42,ht_svd
molec-biol-promoter,0,43,ht_svd
molec-biol-promoter,0,44,ht_svd
molec-biol-promoter,0,45,autofeat
molec-biol-promoter,0,46,identity
molec-biol-promoter,0,47,ht_svd
molec-biol-promoter,0,48,identity
molec-biol-promoter,0,49,autofeat
molec-biol-promoter,0,50,autofeat
molec-biol-promoter,0,51,ht_svd
molec-biol-promoter,0,52,autofeat
molec-biol-promoter,0,53,autofeat
molec-biol-promoter,0,54,random_proj
molec-biol-promoter,0,55,autofeat
molec-biol-promoter,0,56,ht_svd
molec-biol-promoter,0,57,identity
molec-biol-promoter,0,58,ht_svd
molec-biol-promoter,0,59,ht_svd
molec-biol-promoter,0,60,random_proj
molec-biol-promoter,0,61,identity
molec-biol-promoter,0,62,identity
molec-biol-promoter,0,63,identity
molec-biol-promoter,0,64,autofeat
molec-biol-promoter,0,65,ht_svd
molec-biol-promoter,0,66,identity
molec-biol-promoter,0,67,ht_svd
molec-biol-promoter,0,68,identity
molec-biol-promoter,0,69,ht_svd
molec-biol-promoter,0,70,autofeat
molec-biol-promoter,0,71,ht_svd
molec-biol-promoter,0,72,identity
molec-biol-promoter,0,73,identity
molec-biol-promoter,0,74,ht_svd
molec-biol-promoter,0,75,identity
molec-biol-promoter,0,76,identity
molec-biol-promoter,0,77,autofeat
molec-biol-promoter,0,78,identity
molec-biol-promoter,0,79,identity
molec-biol-promoter,0,80,identity
molec-biol-promoter,0,81,identity
molec-biol-promoter,0,82,identity
molec-biol-promoter,0,83,ht_svd
molec-biol-promoter,0,84,identity
molec-biol-promoter,0,85,ht_svd
molec-biol-promoter,0,86,identity
molec-biol-promoter,0,87,identity
molec-biol-promoter,0,88,identity
molec-biol-promoter,0,89,identity
molec-biol-promoter,0,90,identity
molec-biol-promoter,0,91,identity
molec-biol-promoter,0,92,identity
molec-biol-promoter,0,93,identity
molec-biol-promoter,0,94,identity
molec-biol-promoter,0,95,identity
molec-biol-promoter,0,96,identity
molec-biol-promoter,0,97,identity
molec-biol-promoter,0,98,identity
molec-biol-promoter,0,99,ht_svd
molec-biol-promoter,1,0,identity
molec-biol-promoter,1,1,identity
molec-biol-promoter,1,2,identity
molec-biol-promoter,1,3,identity
molec-biol-promoter,1,4,autofeat
molec-biol-promoter,1,5,identity
molec-biol-promoter,1,6,random_proj
molec-biol-promoter,1,7,identity
molec-biol-promoter,1,8,autofeat
molec-biol-promoter,1,9,autofeat
molec-biol-promoter,1,10,ht_svd
molec-biol-promoter,1,11,random_proj
molec-biol-promoter,1,12,autofeat
molec-biol-promoter,1,13,identity
molec-biol-promoter,1,14,autofeat
molec-biol-promoter,1,15,identity
molec-biol-promoter,1,16,autofeat
molec-biol-promoter,1,17,random_proj
molec-biol-promoter,1,18,autofeat
molec-biol-promoter,1,19,random_proj
molec-biol-promoter,1,20,identity
molec-biol-promoter,1,21,identity
molec-biol-promoter,1,22,autofeat
molec-biol-promoter,1,23,identity
molec-biol-promoter,1,24,random_proj
molec-biol-promoter,1,25,identity
molec-biol-promoter,1,26,random_proj
molec-biol-promoter,1,27,autofeat
molec-biol-promoter,1,28,random_proj
molec-biol-promoter,1,29,identity
molec-biol-promoter,1,30,identity
molec-biol-promoter,1,31,identity
molec-biol-promoter,1,32,random_proj
molec-biol-promoter,1,33,autofeat
molec-biol-promoter,1,34,ht_svd
molec-biol-promoter,1,35,identity
molec-biol-promoter,1,36,ht_svd
molec-biol-promoter,1,37,autofeat
molec-biol-promoter,1,38,random_proj
molec-biol-promoter,1,39,random_proj
molec-biol-promoter,1,40,ht_svd
molec-biol-promoter,1,41,ht_svd
molec-biol-promoter,1,42,identity
molec-biol-promoter,1,43,autofeat
molec-biol-promoter,1,44,identity
molec-biol-promoter,1,45,autofeat
molec-biol-promoter,1,46,random_proj
molec-biol-promoter,1,47,autofeat
molec-biol-promoter,1,48,identity
molec-biol-promoter,1,49,identity
molec-biol-promoter,1,50,identity
molec-biol-promoter,1,51,identity
molec-biol-promoter,1,52,identity
molec-biol-promoter,1,53,identity
molec-biol-promoter,1,54,identity
molec-biol-promoter,1,55,identity
molec-biol-promoter,1,56,identity
molec-biol-promoter,1,57,identity
molec-biol-promoter,1,58,identity
molec-biol-promoter,1,59,identity
molec-biol-promoter,1,60,identity
molec-biol-promoter,1,61,identity
molec-biol-promoter,1,62,identity
molec-biol-promoter,1,63,identity
molec-biol-promoter,1,64,identity
molec-biol-promoter,1,65,identity
molec-biol-promoter,1,66,identity
molec-biol-promoter,1,67,identity
molec-biol-promoter,1,68,identity
molec-biol-promoter,1,69,identity
molec-biol-promoter,1,70,identity
molec-biol-promoter,1,71,identity
molec-biol-promoter,1,72,identity
molec-biol-promoter,1,73,identity
molec-biol-promoter,1,74,identity
molec-biol-promoter,1,75,identity
molec-biol-promoter,1,76,identity
molec-biol-promoter,1,77,identity
molec-biol-promoter,1,78,identity
molec-biol-promoter,1,79,identity
molec-biol-promoter,1,80,identity
molec-biol-promoter,1,81,identity
molec-biol-promoter,1,82,identity
molec-biol-promoter,1,83,identity
molec-biol-promoter,1,84,identity
molec-biol-promoter,1,85,identity
molec-biol-promoter,1,86,identity
molec-biol-promoter,1,87,identity
molec-biol-promoter,1,88,identity
molec-biol-promoter,1,89,identity
molec-biol-promoter,1,90,identity
molec-biol-promoter,1,91,identity
molec-biol-promoter,1,92,identity
molec-biol-promoter,1,93,identity
molec-biol-promoter,1,94,identity
molec-biol-promoter,1,95,identity
molec-biol-promoter,1,96,identity
molec-biol-promoter,1,97,identity
molec-biol-promoter,1,98,identity
molec-biol-promoter,1,99,identity
molec-biol-promoter,2,0,autofeat
molec-biol-promoter,2,1,autofeat
molec-biol-promoter,2,2,autofeat
molec-biol-promoter,2,3,autofeat
molec-biol-promoter,2,4,autofeat
molec-biol-promoter,2,5,autofeat
molec-biol-promoter,2,6,identity
molec-biol-promoter,2,7,autofeat
molec-biol-promoter,2,8,autofeat
molec-biol-promoter,2,9,ht_svd
molec-biol-promoter,2,10,autofeat
molec-biol-promoter,2,11,identity
molec-biol-promoter,2,12,random_proj
molec-biol-promoter,2,13,autofeat
molec-biol-promoter,2,14,autofeat
molec-biol-promoter,2,15,autofeat
molec-biol-promoter,2,16,random_proj
molec-biol-promoter,2,17,identity
molec-biol-promoter,2,18,autofeat
molec-biol-promoter,2,19,random_proj
molec-biol-promoter,2,20,autofeat
molec-biol-promoter,2,21,autofeat
molec-biol-promoter,2,22,identity
molec-biol-promoter,2,23,identity
molec-biol-promoter,2,24,identity
molec-biol-promoter,2,25,autofeat
molec-biol-promoter,2,26,ht_svd
molec-biol-promoter,2,27,ht_svd
molec-biol-promoter,2,28,identity
molec-biol-promoter,2,29,ht_svd
molec-biol-promoter,2,30,autofeat
molec-biol-promoter,2,31,ht_svd
molec-biol-promoter,2,32,ht_svd
molec-biol-promoter,2,33,autofeat
molec-biol-promoter,2,34,autofeat
molec-biol-promoter,2,35,ht_svd
molec-biol-promoter,2,36,ht_svd
molec-biol-promoter,2,37,ht_svd
molec-biol-promoter,2,38,ht_svd
molec-biol-promoter,2,39,ht_svd
molec-biol-promoter,2,40,ht_svd
molec-biol-promoter,2,41,autofeat
molec-biol-promoter,2,42,ht_svd
molec-biol-promoter,2,43,ht_svd
molec-biol-promoter,2,44,identity
molec-biol-promoter,2,45,ht_svd
molec-biol-promoter,2,46,ht_svd
molec-biol-promoter,2,47,ht_svd
molec-biol-promoter,2,48,ht_svd
molec-biol-promoter,2,49,autofeat
molec-biol-promoter,2,50,ht_svd
molec-biol-promoter,2,51,ht_svd
molec-biol-promoter,2,52,ht_svd
molec-biol-promoter,2,53,ht_svd
molec-biol-promoter,2,54,ht_svd
molec-biol-promoter,2,55,autofeat
molec-biol-promoter,2,56,ht_svd
molec-biol-promoter,2,57,ht_svd
molec-biol-promoter,2,58,ht_svd
molec-biol-promoter,2,59,ht_svd
molec-biol-promoter,2,60,identity
molec-biol-promoter,2,61,ht_svd
molec-biol-promoter,2,62,ht_svd
molec-biol-promoter,2,63,ht_svd
molec-biol-promoter,2,64,ht_svd
molec-biol-promoter,2,65,identity
molec-biol-promoter,2,66,identity
molec-biol-promoter,2,67,ht_svd
molec-biol-promoter,2,68,identity
molec-biol-promoter,2,69,identity
molec-biol-promoter,2,70,identity
molec-biol-promoter,2,71,identity
molec-biol-promoter,2,72,ht_svd
molec-biol-promoter,2,73,identity
molec-biol-promoter,2,74,autofeat
molec-biol-promoter,2,75,identity
molec-biol-promoter,2,76,autofeat
molec-biol-promoter,2,77,autofeat
molec-biol-promoter,2,78,autofeat
molec-biol-promoter,2,79,identity
molec-biol-promoter,2,80,autofeat
molec-biol-promoter,2,81,identity
molec-biol-promoter,2,82,ht_svd
molec-biol-promoter,2,83,identity
molec-biol-promoter,2,84,identity
molec-biol-promoter,2,85,identity
molec-biol-promoter,2,86,identity
molec-biol-promoter,2,87,autofeat
molec-biol-promoter,2,88,identity
molec-biol-promoter,2,89,ht_svd
molec-biol-promoter,2,90,identity
molec-biol-promoter,2,91,identity
molec-biol-promoter,2,92,identity
molec-biol-promoter,2,93,identity
molec-biol-promoter,2,94,identity
molec-biol-promoter,2,95,identity
molec-biol-promoter,2,96,identity
molec-biol-promoter,2,97,identity
molec-biol-promoter,2,98,identity
molec-biol-promoter,2,99,identity
molec-biol-promoter,3,0,identity
molec-biol-promoter,3,1,autofeat
molec-biol-promoter,3,2,random_proj
molec-biol-promoter,3,3,autofeat
molec-biol-promoter,3,4,autofeat
molec-biol-promoter,3,5,autofeat
molec-biol-promoter,3,6,identity
molec-biol-promoter,3,7,random_proj
molec-biol-promoter,3,8,autofeat
molec-biol-promoter,3,9,random_proj
molec-biol-promoter,3,10,identity
molec-biol-promoter,3,11,identity
molec-biol-promoter,3,12,identity
molec-biol-promoter,3,13,random_proj
molec-biol-promoter,3,14,autofeat
molec-biol-promoter,3,15,autofeat
molec-biol-promoter,3,16,random_proj
molec-biol-promoter,3,17,identity
molec-biol-promoter,3,18,autofeat
molec-biol-promoter,3,19,random_proj
molec-biol-promoter,3,20,random_proj
molec-biol-promoter,3,21,autofeat
molec-biol-promoter,3,22,random_proj
molec-biol-promoter,3,23,autofeat
molec-biol-promoter,3,24,autofeat
molec-biol-promoter,3,25,random_proj
molec-biol-promoter,3,26,ht_svd
molec-biol-promoter,3,27,random_proj
molec-biol-promoter,3,28,ht_svd
molec-biol-promoter,3,29,random_proj
molec-biol-promoter,3,30,random_proj
molec-biol-promoter,3,31,random_proj
molec-biol-promoter,3,32,ht_svd
molec-biol-promoter,3,33,ht_svd
molec-biol-promoter,3,34,random_proj
molec-biol-promoter,3,35,random_proj
molec-biol-promoter,3,36,ht_svd
molec-biol-promoter,3,37,ht_svd
molec-biol-promoter,3,38,autofeat
molec-biol-promoter,3,39,random_proj
molec-biol-promoter,3,40,ht_svd
molec-biol-promoter,3,41,ht_svd
molec-biol-promoter,3,42,random_proj
molec-biol-promoter,3,43,ht_svd
molec-biol-promoter,3,44,ht_svd
molec-biol-promoter,3,45,random_proj
molec-biol-promoter,3,46,identity
molec-biol-promoter,3,47,random_proj
molec-biol-promoter,3,48,ht_svd
molec-biol-promoter,3,49,random_proj
molec-biol-promoter,3,50,ht_svd
molec-biol-promoter,3,51,ht_svd
molec-biol-promoter,3,52,random_proj
molec-biol-promoter,3,53,ht_svd
molec-biol-promoter,3,54,ht_svd
molec-biol-promoter,3,55,ht_svd
molec-biol-promoter,3,56,autofeat
molec-biol-promoter,3,57,ht_svd
molec-biol-promoter,3,58,ht_svd
molec-biol-promoter,3,59,random_proj
molec-biol-promoter,3,60,ht_svd
molec-biol-promoter,3,61,ht_svd
molec-biol-promoter,3,62,ht_svd
molec-biol-promoter,3,63,ht_svd
molec-biol-promoter,3,64,ht_svd
molec-biol-promoter,3,65,ht_svd
molec-biol-promoter,3,66,ht_svd
molec-biol-promoter,3,67,ht_svd
molec-biol-promoter,3,68,ht_svd
molec-biol-promoter,3,69,ht_svd
molec-biol-promoter,3,70,ht_svd
molec-biol-promoter,3,71,ht_svd
molec-biol-promoter,3,72,ht_svd
molec-biol-promoter,3,73,ht_svd
molec-biol-promoter,3,74,ht_svd
molec-biol-promoter,3,75,ht_svd
molec-biol-promoter,3,76,ht_svd
molec-biol-promoter,3,77,ht_svd
molec-biol-promoter,3,78,random_proj
molec-biol-promoter,3,79,ht_svd
molec-biol-promoter,3,80,random_proj
molec-biol-promoter,3,81,ht_svd
molec-biol-promoter,3,82,ht_svd
molec-biol-promoter,3,83,ht_svd
molec-biol-promoter,3,84,random_proj
molec-biol-promoter,3,85,ht_svd
molec-biol-promoter,3,86,ht_svd
molec-biol-promoter,3,87,random_proj
molec-biol-promoter,3,88,ht_svd
molec-biol-promoter,3,89,ht_svd
molec-biol-promoter,3,90,ht_svd
molec-biol-promoter,3,91,ht_svd
molec-biol-promoter,3,92,ht_svd
molec-biol-promoter,3,93,ht_svd
molec-biol-promoter,3,94,ht_svd
molec-biol-promoter,3,95,ht_svd
molec-biol-promoter,3,96,ht_svd
molec-biol-promoter,3,97,ht_svd
molec-biol-promoter,3,98,ht_svd
molec-biol-promoter,3,99,ht_svd
monks-3,0,0,identity
monks-3,0,1,identity
monks-3,0,2,identity
monks-3,0,3,identity
monks-3,0,4,identity
monks-3,0,5,identity
monks-3,0,6,identity
monks-3,0,7,random_proj
monks-3,0,8,ht_svd
monks-3,0,9,identity
monks-3,0,10,identity
monks-3,0,11,ht_svd
monks-3,0,12,identity
monks-3,0,13,identity
monks-3,0,14,ht_svd
monks-3,0,15,identity
monks-3,0,16,identity
monks-3,0,17,ht_svd
monks-3,0,18,ht_svd
monks-3,0,19,identity
monks-3,0,20,ht_svd
monks-3,0,21,ht_svd
monks-3,0,22,identity
monks-3,0,23,identity
monks-3,0,24,identity
monks-3,0,25,random_proj
monks-3,0,26,ht_svd
monks-3,0,27,random_proj
monks-3,0,28,identity
monks-3,0,29,ht_svd
monks-3,0,30,identity
monks-3,0,31,random_proj
monks-3,0,32,identity
monks-3,0,33,identity
monks-3,0,34,ht_svd
monks-3,0,35,identity
monks-3,0,36,random_proj
monks-3,0,37,identity
monks-3,0,38,identity
monks-3,0,39,identity
monks-3,0,40,identity
monks-3,0,41,random_proj
monks-3,0,42,identity
monks-3,0,43,identity
monks-3,0,44,identity
monks-3,0,45,random_proj
monks-3,0,46,random_proj
monks-3,0,47,random_proj
monks-3,0,48,random_proj
monks-3,0,49,random_proj
monks-3,0,50,random_proj
monks-3,0,51,random_proj
monks-3,0,52,random_proj
monks-3,0,53,random_proj
monks-3,0,54,identity
monks-3,0,55,identity
monks-3,0,56,identity
monks-3,0,57,random_proj
monks-3,0,58,identity
monks-3,0,59,random_proj
monks-3,0,60,random_proj
monks-3,0,61,identity
monks-3,0,62,random_proj
monks-3,0,63,random_proj
monks-3,0,64,identity
monks-3,0,65,random_proj
monks-3,0,66,identity
monks-3,0,67,identity
monks-3,0,68,identity
monks-3,0,69,identity
monks-3,0,70,identity
monks-3,0,71,identity
monks-3,0,72,random_proj
monks-3,0,73,identity
monks-3,0,74,identity
monks-3,0,75,identity
monks-3,0,76,random_proj
monks-3,0,77,identity
monks-3,0,78,identity
monks-3,0,79,random_proj
monks-3,0,80,identity
monks-3,0,81,identity
monks-3,0,82,identity
monks-3,0,83,random_proj
monks-3,0,84,identity
monks-3,0,85,identity
monks-3,0,86,identity
monks-3,0,87,random_proj
monks-3,0,88,identity
monks-3,0,89,random_proj
monks-3,0,90,identity
monks-3,0,91,random_proj
monks-3,0,92,identity
monks-3,0,93,random_proj
monks-3,0,94,ht_svd
monks-3,0,95,identity
monks-3,0,96,random_proj
monks-3,0,97,random_proj
monks-3,0,98,identity
monks-3,0,99,random_proj
monks-3,1,0,identity
monks-3,1,1,identity
monks-3,1,2,identity
monks-3,1,3,identity
monks-3,1,4,identity
monks-3,1,5,identity
monks-3,1,6,random_proj
monks-3,1,7,identity
monks-3,1,8,identity
monks-3,1,9,identity
monks-3,1,10,identity
monks-3,1,11,ht_svd
monks-3,1,12,random_proj
monks-3,1,13,identity
monks-3,1,14,identity
monks-3,1,15,identity
monks-3,1,16,identity
monks-3,1,17,identity
monks-3,1,18,identity
monks-3,1,19,identity
monks-3,1,20,identity
monks-3,1,21,identity
monks-3,1,22,identity
monks-3,1,23,identity
monks-3,1,24,identity
monks-3,1,25,identity
monks-3,1,26,identity
monks-3,1,27,identity
monks-3,1,28,identity
monks-3,1,29,identity
monks-3,1,30,identity
monks-3,1,31,identity
monks-3,1,32,identity
monks-3,1,33,identity
monks-3,1,34,identity
monks-3,1,35,identity
monks-3,1,36,identity
monks-3,1,37,identity
monks-3,1,38,identity
monks-3,1,39,identity
monks-3,1,40,identity
monks-3,1,41,identity
monks-3,1,42,identity
monks-3,1,43,identity
monks-3,1,44,identity
monks-3,1,45,identity
monks-3,1,46,identity
monks-3,1,47,identity
monks-3,1,48,identity
monks-3,1,49,identity
monks-3,1,50,ht_svd
monks-3,1,51,identity
monks-3,1,52,ht_svd
monks-3,1,53,identity
monks-3,1,54,identity
monks-3,1,55,ht_svd
monks-3,1,56,identity
monks-3,1,57,identity
monks-3,1,58,identity
monks-3,1,59,ht_svd
monks-3,1,60,identity
monks-3,1,61,identity
monks-3,1,62,identity
monks-3,1,63,identity
monks-3,1,64,identity
monks-3,1,65,identity
monks-3,1,66,identity
monks-3,1,67,ht_svd
monks-3,1,68,identity
monks-3,1,69,identity
monks-3,1,70,identity
monks-3,1,71,identity
monks-3,1,72,identity
monks-3,1,73,identity
monks-3,1,74,ht_svd
monks-3,1,75,identity
monks-3,1,76,ht_svd
monks-3,1,77,identity
monks-3,1,78,ht_svd
monks-3,1,79,identity
monks-3,1,80,identity
monks-3,1,81,identity
monks-3,1,82,identity
monks-3,1,83,identity
monks-3,1,84,identity
monks-3,1,85,identity
monks-3,1,86,identity
monks-3,1,87,identity
monks-3,1,88,identity
monks-3,1,89,identity
monks-3,1,90,identity
monks-3,1,91,identity
monks-3,1,92,identity
monks-3,1,93,identity
monks-3,1,94,identity
monks-3,1,95,identity
monks-3,1,96,identity
monks-3,1,97,identity
monks-3,1,98,identity
monks-3,1,99,identity
monks-3,2,0,identity
monks-3,2,1,identity
monks-3,2,2,identity
monks-3,2,3,identity
monks-3,2,4,random_proj
monks-3,2,5,identity
monks-3,2,6,ht_svd
monks-3,2,7,identity
monks-3,2,8,random_proj
monks-3,2,9,ht_svd
monks-3,2,10,identity
monks-3,2,11,random_proj
monks-3,2,12,ht_svd
monks-3,2,13,random_proj
monks-3,2,14,ht_svd
monks-3,2,15,random_proj
monks-3,2,16,ht_svd
monks-3,2,17,random_proj
monks-3,2,18,random_proj
monks-3,2,19,random_proj
monks-3,2,20,ht_svd
monks-3,2,21,ht_svd
monks-3,2,22,random_proj
monks-3,2,23,ht_svd
monks-3,2,24,random_proj
monks-3,2,25,ht_svd
monks-3,2,26,random_proj
monks-3,2,27,random_proj
monks-3,2,28,random_proj
monks-3,2,29,random_proj
monks-3,2,30,random_proj
monks-3,2,31,random_proj
monks-3,2,32,ht_svd
monks-3,2,33,random_proj
monks-3,2,34,random_proj
monks-3,2,35,random_proj
monks-3,2,36,random_proj
monks-3,2,37,random_proj
monks-3,2,38,ht_svd
monks-3,2,39,random_proj
monks-3,2,40,random_proj
monks-3,2,41,random_proj
monks-3,2,42,random_proj
monks-3,2,43,random_proj
monks-3,2,44,random_proj
monks-3,2,45,random_proj
monks-3,2,46,random_proj
monks-3,2,47,random_proj
monks-3,2,48,ht_svd
monks-3,2,49,random_proj
monks-3,2,50,random_proj
monks-3,2,51,random_proj
monks-3,2,52,random_proj
monks-3,2,53,ht_svd
monks-3,2,54,random_proj
monks-3,2,55,random_proj
monks-3,2,56,random_proj
monks-3,2,57,random_proj
monks-3,2,58,random_proj
monks-3,2,59,random_proj
monks-3,2,60,random_proj
monks-3,2,61,ht_svd
monks-3,2,62,random_proj
monks-3,2,63,random_proj
monks-3,2,64,random_proj
monks-3,2,65,random_proj
monks-3,2,66,random_proj
monks-3,2,67,random_proj
monks-3,2,68,random_proj
monks-3,2,69,random_proj
monks-3,2,70,random_proj
monks-3,2,71,random_proj
monks-3,2,72,random_proj
monks-3,2,73,random_proj
monks-3,2,74,ht_svd
monks-3,2,75,random_proj
monks-3,2,76,random_proj
monks-3,2,77,random_proj
monks-3,2,78,random_proj
monks-3,2,79,random_proj
monks-3,2,80,ht_svd
monks-3,2,81,random_proj
monks-3,2,82,ht_svd
monks-3,2,83,random_proj
monks-3,2,84,random_proj
monks-3,2,85,ht_svd
monks-3,2,86,random_proj
monks-3,2,87,random_proj
monks-3,2,88,ht_svd
monks-3,2,89,random_proj
monks-3,2,90,ht_svd
monks-3,2,91,ht_svd
monks-3,2,92,random_proj
monks-3,2,93,ht_svd
monks-3,2,94,ht_svd
monks-3,2,95,random_proj
monks-3,2,96,random_proj
monks-3,2,97,random_proj
monks-3,2,98,ht_svd
monks-3,2,99,random_proj
monks-3,3,0,identity
monks-3,3,1,identity
monks-3,3,2,identity
monks-3,3,3,identity
monks-3,3,4,identity
monks-3,3,5,identity
monks-3,3,6,identity
monks-3,3,7,identity
monks-3,3,8,identity
monks-3,3,9,identity
monks-3,3,10,identity
monks-3,3,11,identity
monks-3,3,12,identity
monks-3,3,13,identity
monks-3,3,14,identity
monks-3,3,15,identity
monks-3,3,16,identity
monks-3,3,17,identity
monks-3,3,18,identity
monks-3,3,19,identity
monks-3,3,20,identity
monks-3,3,21,identity
monks-3,3,22,identity
monks-3,3,23,identity
monks-3,3,24,identity
monks-3,3,25,identity
monks-3,3,26,identity
monks-3,3,27,identity
monks-3,3,28,random_proj
monks-3,3,29,identity
monks-3,3,30,identity
monks-3,3,31,identity
monks-3,3,32,random_proj
monks-3,3,33,identity
monks-3,3,34,identity
monks-3,3,35,identity
monks-3,3,36,identity
monks-3,3,37,identity
monks-3,3,38,identity
monks-3,3,39,identity
monks-3,3,40,identity
monks-3,3,41,identity
monks-3,3,42,identity
monks-3,3,43,identity
monks-3,3,44,random_proj
monks-3,3,45,random_proj
monks-3,3,46,identity
monks-3,3,47,identity
monks-3,3,48,identity
monks-3,3,49,identity
monks-3,3,50,identity
monks-3,3,51,identity
monks-3,3,52,identity
monks-3,3,53,identity
monks-3,3,54,identity
monks-3,3,55,identity
monks-3,3,56,identity
monks-3,3,57,identity
monks-3,3,58,identity
monks-3,3,59,identity
monks-3,3,60,identity
monks-3,3,61,identity
monks-3,3,62,identity
monks-3,3,63,random_proj
monks-3,3,64,identity
monks-3,3,65,identity
monks-3,3,66,identity
monks-3,3,67,identity
monks-3,3,68,random_proj
monks-3,3,69,random_proj
monks-3,3,70,identity
monks-3,3,71,identity
monks-3,3,72,identity
monks-3,3,73,identity
monks-3,3,74,identity
monks-3,3,75,identity
monks-3,3,76,random_proj
monks-3,3,77,identity
monks-3,3,78,identity
monks-3,3,79,identity
monks-3,3,80,identity
monks-3,3,81,identity
monks-3,3,82,identity
monks-3,3,83,random_proj
monks-3,3,84,identity
monks-3,3,85,identity
monks-3,3,86,identity
monks-3,3,87,identity
monks-3,3,88,random_proj
monks-3,3,89,random_proj
monks-3,3,90,identity
monks-3,3,91,identity
monks-3,3,92,identity
monks-3,3,93,identity
monks-3,3,94,identity
monks-3,3,95,identity
monks-3,3,96,identity
monks-3,3,97,identity
monks-3,3,98,identity
monks-3,3,99,identity
vertebral-column-3clases,0,0,autofeat
vertebral-column-3clases,0,1,identity
vertebral-column-3clases,0,2,autofeat
vertebral-column-3clases,0,3,autofeat
vertebral-column-3clases,0,4,autofeat
vertebral-column-3clases,0,5,autofeat
vertebral-column-3clases,0,6,identity
vertebral-column-3clases,0,7,autofeat
vertebral-column-3clases,0,8,random_proj
vertebral-column-3clases,0,9,identity
vertebral-column-3clases,0,10,ht_svd
vertebral-column-3clases,0,11,ht_svd
vertebral-column-3clases,0,12,ht_svd
vertebral-column-3clases,0,13,identity
vertebral-column-3clases,0,14,ht_svd
vertebral-column-3clases,0,15,ht_svd
vertebral-column-3clases,0,16,ht_svd
vertebral-column-3clases,0,17,ht_svd
vertebral-column-3clases,0,18,autofeat
vertebral-column-3clases,0,19,autofeat
vertebral-column-3clases,0,20,identity
vertebral-column-3clases,0,21,random_proj
vertebral-column-3clases,0,22,ht_svd
vertebral-column-3clases,0,23,ht_svd
vertebral-column-3clases,0,24,identity
vertebral-column-3clases,0,25,ht_svd
vertebral-column-3clases,0,26,identity
vertebral-column-3clases,0,27,ht_svd
vertebral-column-3clases,0,28,random_proj
vertebral-column-3clases,0,29,ht_svd
vertebral-column-3clases,0,30,ht_svd
vertebral-column-3clases,0,31,ht_svd
vertebral-column-3clases,0,32,ht_svd
vertebral-column-3clases,0,33,random_proj
vertebral-column-3clases,0,34,ht_svd
vertebral-column-3clases,0,35,ht_svd
vertebral-column-3clases,0,36,ht_svd
vertebral-column-3clases,0,37,ht_svd
vertebral-column-3clases,0,38,ht_svd
vertebral-column-3clases,0,39,ht_svd
vertebral-column-3clases,0,40,ht_svd
vertebral-column-3clases,0,41,ht_svd
vertebral-column-3clases,0,42,identity
vertebral-column-3clases,0,43,ht_svd
vertebral-column-3clases,0,44,autofeat
vertebral-column-3clases,0,45,ht_svd
vertebral-column-3clases,0,46,ht_svd
vertebral-column-3clases,0,47,ht_svd
vertebral-column-3clases,0,48,ht_svd
vertebral-column-3clases,0,49,ht_svd
vertebral-column-3clases,0,50,ht_svd
vertebral-column-3clases,0,51,identity
vertebral-column-3clases,0,52,ht_svd
vertebral-column-3clases,0,53,random_proj
vertebral-column-3clases,0,54,autofeat
vertebral-column-3clases,0,55,ht_svd
vertebral-column-3clases,0,56,identity
vertebral-column-3clases,0,57,ht_svd
vertebral-column-3clases,0,58,autofeat
vertebral-column-3clases,0,59,ht_svd
vertebral-column-3clases,0,60,ht_svd
vertebral-column-3clases,0,61,ht_svd
vertebral-column-3clases,0,62,ht_svd
vertebral-column-3clases,0,63,ht_svd
vertebral-column-3clases,0,64,ht_svd
vertebral-column-3clases,0,65,ht_svd
vertebral-column-3clases,0,66,ht_svd
vertebral-column-3clases,0,67,random_proj
vertebral-column-3clases,0,68,ht_svd
vertebral-column-3clases,0,69,ht_svd
vertebral-column-3clases,0,70,random_proj
vertebral-column-3clases,0,71,identity
vertebral-column-3clases,0,72,ht_svd
vertebral-column-3clases,0,73,ht_svd
vertebral-column-3clases,0,74,ht_svd
vertebral-column-3clases,0,75,autofeat
vertebral-column-3clases,0,76,ht_svd
vertebral-column-3clases,0,77,ht_svd
vertebral-column-3clases,0,78,ht_svd
vertebral-column-3clases,0,79,ht_svd
vertebral-column-3clases,0,80,ht_svd
vertebral-column-3clases,0,81,identity
vertebral-column-3clases,0,82,identity
vertebral-column-3clases,0,83,ht_svd
vertebral-column-3clases,0,84,identity
vertebral-column-3clases,0,85,ht_svd
vertebral-column-3clases,0,86,ht_svd
vertebral-column-3clases,0,87,autofeat
vertebral-column-3clases,0,88,ht_svd
vertebral-column-3clases,0,89,ht_svd
vertebral-column-3clases,0,90,ht_svd
vertebral-column-3clases,0,91,ht_svd
vertebral-column-3clases,0,92,ht_svd
vertebral-column-3clases,0,93,random_proj
vertebral-column-3clases,0,94,ht_svd
vertebral-column-3clases,0,95,ht_svd
vertebral-column-3clases,0,96,ht_svd
vertebral-column-3clases,0,97,ht_svd
vertebral-column-3clases,0,98,ht_svd
vertebral-column-3clases,0,99,ht_svd
vertebral-column-3clases,1,0,identity
vertebral-column-3clases,1,1,identity
vertebral-column-3clases,1,2,autofeat
vertebral-column-3clases,1,3,identity
vertebral-column-3clases,1,4,random_proj
vertebral-column-3clases,1,5,autofeat
vertebral-column-3clases,1,6,random_proj
vertebral-column-3clases,1,7,identity
vertebral-column-3clases,1,8,random_proj
vertebral-column-3clases,1,9,ht_svd
vertebral-column-3clases,1,10,random_proj
vertebral-column-3clases,1,11,random_proj
vertebral-column-3clases,1,12,random_proj
vertebral-column-3clases,1,13,random_proj
vertebral-column-3clases,1,14,ht_svd
vertebral-column-3clases,1,15,random_proj
vertebral-column-3clases,1,16,autofeat
vertebral-column-3clases,1,17,ht_svd
vertebral-column-3clases,1,18,random_proj
vertebral-column-3clases,1,19,ht_svd
vertebral-column-3clases,1,20,ht_svd
vertebral-column-3clases,1,21,random_proj
vertebral-column-3clases,1,22,random_proj
vertebral-column-3clases,1,23,ht_svd
vertebral-column-3clases,1,24,ht_svd
vertebral-column-3clases,1,25,random_proj
vertebral-column-3clases,1,26,ht_svd
vertebral-column-3clases,1,27,ht_svd
vertebral-column-3clases,1,28,ht_svd
vertebral-column-3clases,1,29,ht_svd
vertebral-column-3clases,1,30,ht_svd
vertebral-column-3clases,1,31,random_proj
vertebral-column-3clases,1,32,ht_svd
vertebral-column-3clases,1,33,random_proj
vertebral-column-3clases,1,34,ht_svd
vertebral-column-3clases,1,35,ht_svd
vertebral-column-3clases,1,36,random_proj
vertebral-column-3clases,1,37,autofeat
vertebral-column-3clases,1,38,ht_svd
vertebral-column-3clases,1,39,ht_svd
vertebral-column-3clases,1,40,random_proj
vertebral-column-3clases,1,41,random_proj
vertebral-column-3clases,1,42,ht_svd
vertebral-column-3clases,1,43,autofeat
vertebral-column-3clases,1,44,ht_svd
vertebral-column-3clases,1,45,random_proj
vertebral-column-3clases,1,46,random_proj
vertebral-column-3clases,1,47,random_proj
vertebral-column-3clases,1,48,ht_svd
vertebral-column-3clases,1,49,random_proj
vertebral-column-3clases,1,50,random_proj
vertebral-column-3clases,1,51,random_proj
vertebral-column-3clases,1,52,ht_svd
vertebral-column-3clases,1,53,random_proj
vertebral-column-3clases,1,54,ht_svd
vertebral-column-3clases,1,55,autofeat
vertebral-column-3clases,1,56,random_proj
vertebral-column-3clases,1,57,random_proj
vertebral-column-3clases,1,58,random_proj
vertebral-column-3clases,1,59,random_proj
vertebral-column-3clases,1,60,ht_svd
vertebral-column-3clases,1,61,autofeat
vertebral-column-3clases,1,62,ht_svd
vertebral-column-3clases,1,63,random_proj
vertebral-column-3clases,1,64,ht_svd
vertebral-column-3clases,1,65,ht_svd
vertebral-column-3clases,1,66,random_proj
vertebral-column-3clases,1,67,ht_svd
vertebral-column-3clases,1,68,ht_svd
vertebral-column-3clases,1,69,ht_svd
vertebral-column-3clases,1,70,ht_svd
vertebral-column-3clases,1,71,ht_svd
vertebral-column-3clases,1,72,autofeat
vertebral-column-3clases,1,73,ht_svd
vertebral-column-3clases,1,74,ht_svd
vertebral-column-3clases,1,75,random_proj
vertebral-column-3clases,1,76,ht_svd
vertebral-column-3clases,1,77,autofeat
vertebral-column-3clases,1,78,ht_svd
vertebral-column-3clases,1,79,ht_svd
vertebral-column-3clases,1,80,ht_svd
vertebral-column-3clases,1,81,random_proj
vertebral-column-3clases,1,82,random_proj
vertebral-column-3clases,1,83,random_proj
vertebral-column-3clases,1,84,ht_svd
vertebral-column-3clases,1,85,autofeat
vertebral-column-3clases,1,86,autofeat
vertebral-column-3clases,1,87,identity
vertebral-column-3clases,1,88,ht_svd
vertebral-column-3clases,1,89,ht_svd
vertebral-column-3clases,1,90,autofeat
vertebral-column-3clases,1,91,identity
vertebral-column-3clases,1,92,identity
vertebral-column-3clases,1,93,identity
vertebral-column-3clases,1,94,identity
vertebral-column-3clases,1,95,autofeat
vertebral-column-3clases,1,96,autofeat
vertebral-column-3clases,1,97,identity
vertebral-column-3clases,1,98,random_proj
vertebral-column-3clases,1,99,autofeat
vertebral-column-3clases,2,0,identity
vertebral-column-3clases,2,1,identity
vertebral-column-3clases,2,2,random_proj
vertebral-column-3clases,2,3,autofeat
vertebral-column-3clases,2,4,autofeat
vertebral-column-3clases,2,5,random_proj
vertebral-column-3clases,2,6,ht_svd
vertebral-column-3clases,2,7,autofeat
vertebral-column-3clases,2,8,random_proj
vertebral-column-3clases,2,9,random_proj
vertebral-column-3clases,2,10,random_proj
vertebral-column-3clases,2,11,random_proj
vertebral-column-3clases,2,12,identity
vertebral-column-3clases,2,13,ht_svd
vertebral-column-3clases,2,14,identity
vertebral-column-3clases,2,15,ht_svd
vertebral-column-3clases,2,16,random_proj
vertebral-column-3clases,2,17,random_proj
vertebral-column-3clases,2,18,autofeat
vertebral-column-3clases,2,19,identity
vertebral-column-3clases,2,20,random_proj
vertebral-column-3clases,2,21,identity
vertebral-column-3clases,2,22,ht_svd
vertebral-column-3clases,2,23,autofeat
vertebral-column-3clases,2,24,identity
vertebral-column-3clases,2,25,autofeat
vertebral-column-3clases,2,26,ht_svd
vertebral-column-3clases,2,27,ht_svd
vertebral-column-3clases,2,28,autofeat
vertebral-column-3clases,2,29,ht_svd
vertebral-column-3clases,2,30,autofeat
vertebral-column-3clases,2,31,ht_svd
vertebral-column-3clases,2,32,ht_svd
vertebral-column-3clases,2,33,ht_svd
vertebral-column-3clases,2,34,ht_svd
vertebral-column-3clases,2,35,ht_svd
vertebral-column-3clases,2,36,ht_svd
vertebral-column-3clases,2,37,ht_svd
vertebral-column-3clases,2,38,ht_svd
vertebral-column-3clases,2,39,ht_svd
vertebral-column-3clases,2,40,ht_svd
vertebral-column-3clases,2,41,ht_svd
vertebral-column-3clases,2,42,ht_svd
vertebral-column-3clases,2,43,ht_svd
vertebral-column-3clases,2,44,random_proj
vertebral-column-3clases,2,45,ht_svd
vertebral-column-3clases,2,46,ht_svd
vertebral-column-3clases,2,47,ht_svd
vertebral-column-3clases,2,48,ht_svd
vertebral-column-3clases,2,49,ht_svd
vertebral-column-3clases,2,50,ht_svd
vertebral-column-3clases,2,51,ht_svd
vertebral-column-3clases,2,52,ht_svd
vertebral-column-3clases,2,53,ht_svd
vertebral-column-3clases,2,54,ht_svd
vertebral-column-3clases,2,55,ht_svd
vertebral-column-3clases,2,56,ht_svd
vertebral-column-3clases,2,57,ht_svd
vertebral-column-3clases,2,58,ht_svd
vertebral-column-3clases,2,59,ht_svd
vertebral-column-3clases,2,60,ht_svd
vertebral-column-3clases,2,61,ht_svd
vertebral-column-3clases,2,62,ht_svd
vertebral-column-3clases,2,63,ht_svd
vertebral-column-3clases,2,64,ht_svd
vertebral-column-3clases,2,65,ht_svd
vertebral-column-3clases,2,66,ht_svd
vertebral-column-3clases,2,67,ht_svd
vertebral-column-3clases,2,68,ht_svd
vertebral-column-3clases,2,69,ht_svd
vertebral-column-3clases,2,70,autofeat
vertebral-column-3clases,2,71,ht_svd
vertebral-column-3clases,2,72,ht_svd
vertebral-column-3clases,2,73,ht_svd
vertebral-column-3clases,2,74,ht_svd
vertebral-column-3clases,2,75,ht_svd
vertebral-column-3clases,2,76,ht_svd
vertebral-column-3clases,2,77,ht_svd
vertebral-column-3clases,2,78,ht_svd
vertebral-column-3clases,2,79,ht_svd
vertebral-column-3clases,2,80,ht_svd
vertebral-column-3clases,2,81,ht_svd
vertebral-column-3clases,2,82,autofeat
vertebral-column-3clases,2,83,ht_svd
vertebral-column-3clases,2,84,ht_svd
vertebral-column-3clases,2,85,ht_svd
vertebral-column-3clases,2,86,ht_svd
vertebral-column-3clases,2,87,ht_svd
vertebral-column-3clases,2,88,ht_svd
vertebral-column-3clases,2,89,ht_svd
vertebral-column-3clases,2,90,ht_svd
vertebral-column-3clases,2,91,ht_svd
vertebral-column-3clases,2,92,ht_svd
vertebral-column-3clases,2,93,ht_svd
vertebral-column-3clases,2,94,ht_svd
vertebral-column-3clases,2,95,ht_svd
vertebral-column-3clases,2,96,ht_svd
vertebral-column-3clases,2,97,ht_svd
vertebral-column-3clases,2,98,random_proj
vertebral-column-3clases,2,99,ht_svd
vertebral-column-3clases,3,0,identity
vertebral-column-3clases,3,1,random_proj
vertebral-column-3clases,3,2,identity
vertebral-column-3clases,3,3,identity
vertebral-column-3clases,3,4,identity
vertebral-column-3clases,3,5,identity
vertebral-column-3clases,3,6,autofeat
vertebral-column-3clases,3,7,random_proj
vertebral-column-3clases,3,8,ht_svd
vertebral-column-3clases,3,9,random_proj
vertebral-column-3clases,3,10,random_proj
vertebral-column-3clases,3,11,random_proj
vertebral-column-3clases,3,12,random_proj
vertebral-column-3clases,3,13,random_proj
vertebral-column-3clases,3,14,ht_svd
vertebral-column-3clases,3,15,random_proj
vertebral-column-3clases,3,16,random_proj
vertebral-column-3clases,3,17,random_proj
vertebral-column-3clases,3,18,random_proj
vertebral-column-3clases,3,19,random_proj
vertebral-column-3clases,3,20,random_proj
vertebral-column-3clases,3,21,ht_svd
vertebral-column-3clases,3,22,random_proj
vertebral-column-3clases,3,23,random_proj
vertebral-column-3clases,3,24,random_proj
vertebral-column-3clases,3,25,random_proj
vertebral-column-3clases,3,26,random_proj
vertebral-column-3clases,3,27,random_proj
vertebral-column-3clases,3,28,random_proj
vertebral-column-3clases,3,29,ht_svd
vertebral-column-3clases,3,30,random_proj
vertebral-column-3clases,3,31,ht_svd
vertebral-column-3clases,3,32,ht_svd
vertebral-column-3clases,3,33,ht_svd
vertebral-column-3clases,3,34,ht_svd
vertebral-column-3clases,3,35,ht_svd
vertebral-column-3clases,3,36,ht_svd
vertebral-column-3clases,3,37,random_proj
vertebral-column-3clases,3,38,ht_svd
vertebral-column-3clases,3,39,ht_svd
vertebral-column-3clases,3,40,ht_svd
vertebral-column-3clases,3,41,ht_svd
vertebral-column-3clases,3,42,ht_svd
vertebral-column-3clases,3,43,identity
vertebral-column-3clases,3,44,ht_svd
vertebral-column-3clases,3,45,ht_svd
vertebral-column-3clases,3,46,ht_svd
vertebral-column-3clases,3,47,ht_svd
vertebral-column-3clases,3,48,ht_svd
vertebral-column-3clases,3,49,ht_svd
vertebral-column-3clases,3,50,ht_svd
vertebral-column-3clases,3,51,ht_svd
vertebral-column-3clases,3,52,autofeat
vertebral-column-3clases,3,53,ht_svd
vertebral-column-3clases,3,54,ht_svd
vertebral-column-3clases,3,55,ht_svd
vertebral-column-3clases,3,56,ht_svd
vertebral-column-3clases,3,57,ht_svd
vertebral-column-3clases,3,58,ht_svd
vertebral-column-3clases,3,59,random_proj
vertebral-column-3clases,3,60,ht_svd
vertebral-column-3clases,3,61,ht_svd
vertebral-column-3clases,3,62,ht_svd
vertebral-column-3clases,3,63,ht_svd
vertebral-column-3clases,3,64,ht_svd
vertebral-column-3clases,3,65,ht_svd
vertebral-column-3clases,3,66,ht_svd
vertebral-column-3clases,3,67,ht_svd
vertebral-column-3clases,3,68,ht_svd
vertebral-column-3clases,3,69,ht_svd
vertebral-column-3clases,3,70,identity
vertebral-column-3clases,3,71,ht_svd
vertebral-column-3clases,3,72,ht_svd
vertebral-column-3clases,3,73,ht_svd
vertebral-column-3clases,3,74,ht_svd
vertebral-column-3clases,3,75,ht_svd
vertebral-column-3clases,3,76,autofeat
vertebral-column-3clases,3,77,ht_svd
vertebral-column-3clases,3,78,ht_svd
vertebral-column-3clases,3,79,ht_svd
vertebral-column-3clases,3,80,ht_svd
vertebral-column-3clases,3,81,ht_svd
vertebral-column-3clases,3,82,ht_svd
vertebral-column-3clases,3,83,random_proj
vertebral-column-3clases,3,84,ht_svd
vertebral-column-3clases,3,85,ht_svd
vertebral-column-3clases,3,86,identity
vertebral-column-3clases,3,87,ht_svd
vertebral-column-3clases,3,88,ht_svd
vertebral-column-3clases,3,89,ht_svd
vertebral-column-3clases,3,90,random_proj
vertebral-column-3clases,3,91,ht_svd
vertebral-column-3clases,3,92,random_proj
vertebral-column-3clases,3,93,random_proj
vertebral-column-3clases,3,94,ht_svd
vertebral-column-3clases,3,95,ht_svd
vertebral-column-3clases,3,96,ht_svd
vertebral-column-3clases,3,97,ht_svd
vertebral-column-3clases,3,98,random_proj
vertebral-column-3clases,3,99,ht_svd
arrhythmia,0,0,autofeat
arrhythmia,0,1,autofeat
arrhythmia,0,2,identity
arrhythmia,0,3,identity
arrhythmia,0,4,identity
arrhythmia,0,5,autofeat
arrhythmia,0,6,autofeat
arrhythmia,0,7,identity
arrhythmia,0,8,identity
arrhythmia,0,9,autofeat
arrhythmia,0,10,autofeat
arrhythmia,0,11,identity
arrhythmia,0,12,random_proj
arrhythmia,0,13,identity
arrhythmia,0,14,identity
arrhythmia,0,15,random_proj
arrhythmia,0,16,identity
arrhythmia,0,17,ht_svd
arrhythmia,0,18,random_proj
arrhythmia,0,19,ht_svd
arrhythmia,0,20,random_proj
arrhythmia,0,21,identity
arrhythmia,0,22,ht_svd
arrhythmia,0,23,autofeat
arrhythmia,0,24,autofeat
arrhythmia,0,25,random_proj
arrhythmia,0,26,identity
arrhythmia,0,27,autofeat
arrhythmia,0,28,ht_svd
arrhythmia,0,29,ht_svd
arrhythmia,0,30,random_proj
arrhythmia,0,31,autofeat
arrhythmia,0,32,autofeat
arrhythmia,0,33,identity
arrhythmia,0,34,identity
arrhythmia,0,35,autofeat
arrhythmia,0,36,ht_svd
arrhythmia,0,37,ht_svd
arrhythmia,0,38,ht_svd
arrhythmia,0,39,autofeat
arrhythmia,0,40,ht_svd
arrhythmia,0,41,autofeat
arrhythmia,0,42,autofeat
arrhythmia,0,43,identity
arrhythmia,0,44,autofeat
arrhythmia,0,45,random_proj
arrhythmia,0,46,ht_svd
arrhythmia,0,47,random_proj
arrhythmia,0,48,identity
arrhythmia,0,49,autofeat
arrhythmia,0,50,random_proj
arrhythmia,0,51,autofeat
arrhythmia,0,52,random_proj
arrhythmia,0,53,autofeat
arrhythmia,0,54,ht_svd
arrhythmia,0,55,identity
arrhythmia,0,56,ht_svd
arrhythmia,0,57,autofeat
arrhythmia,0,58,random_proj
arrhythmia,0,59,ht_svd
arrhythmia,0,60,autofeat
arrhythmia,0,61,identity
arrhythmia,0,62,ht_svd
arrhythmia,0,63,autofeat
arrhythmia,0,64,random_proj
arrhythmia,0,65,ht_svd
arrhythmia,0,66,ht_svd
arrhythmia,0,67,random_proj
arrhythmia,0,68,autofeat
arrhythmia,0,69,identity
arrhythmia,0,70,identity
arrhythmia,0,71,random_proj
arrhythmia,0,72,ht_svd
arrhythmia,0,73,identity
arrhythmia,0,74,random_proj
arrhythmia,0,75,ht_svd
arrhythmia,0,76,autofeat
arrhythmia,0,77,random_proj
arrhythmia,0,78,identity
arrhythmia,0,79,ht_svd
arrhythmia,0,80,ht_svd
arrhythmia,0,81,identity
arrhythmia,0,82,random_proj
arrhythmia,0,83,identity
arrhythmia,0,84,autofeat
arrhythmia,0,85,identity
arrhythmia,0,86,random_proj
arrhythmia,0,87,autofeat
arrhythmia,0,88,identity
arrhythmia,0,89,random_proj
arrhythmia,0,90,autofeat
arrhythmia,0,91,autofeat
arrhythmia,0,92,autofeat
arrhythmia,0,93,random_proj
arrhythmia,0,94,autofeat
arrhythmia,0,95,random_proj
arrhythmia,0,96,ht_svd
arrhythmia,0,97,identity
arrhythmia,0,98,identity
arrhythmia,0,99,random_proj
arrhythmia,1,0,identity
arrhythmia,1,1,autofeat
arrhythmia,1,2,identity
arrhythmia,1,3,ht_svd
arrhythmia,1,4,autofeat
arrhythmia,1,5,autofeat
arrhythmia,1,6,autofeat
arrhythmia,1,7,random_proj
arrhythmia,1,8,random_proj
arrhythmia,1,9,autofeat
arrhythmia,1,10,ht_svd
arrhythmia,1,11,random_proj
arrhythmia,1,12,ht_svd
arrhythmia,1,13,autofeat
arrhythmia,1,14,random_proj
arrhythmia,1,15,autofeat
arrhythmia,1,16,random_proj
arrhythmia,1,17,identity
arrhythmia,1,18,random_proj
arrhythmia,1,19,identity
arrhythmia,1,20,random_proj
arrhythmia,1,21,random_proj
arrhythmia,1,22,autofeat
arrhythmia,1,23,random_proj
arrhythmia,1,24,ht_svd
arrhythmia,1,25,random_proj
arrhythmia,1,26,ht_svd
arrhythmia,1,27,ht_svd
arrhythmia,1,28,autofeat
arrhythmia,1,29,autofeat
arrhythmia,1,30,ht_svd
arrhythmia,1,31,autofeat
arrhythmia,1,32,autofeat
arrhythmia,1,33,ht_svd
arrhythmia,1,34,random_proj
arrhythmia,1,35,autofeat
arrhythmia,1,36,random_proj
arrhythmia,1,37,autofeat
arrhythmia,1,38,autofeat
arrhythmia,1,39,ht_svd
arrhythmia,1,40,autofeat
arrhythmia,1,41,autofeat
arrhythmia,1,42,autofeat
arrhythmia,1,43,random_proj
arrhythmia,1,44,ht_svd
arrhythmia,1,45,autofeat
arrhythmia,1,46,autofeat
arrhythmia,1,47,autofeat
arrhythmia,1,48,autofeat
arrhythmia,1,49,random_proj
arrhythmia,1,50,random_proj
arrhythmia,1,51,random_proj
arrhythmia,1,52,random_proj
arrhythmia,1,53,autofeat
arrhythmia,1,54,random_proj
arrhythmia,1,55,autofeat
arrhythmia,1,56,random_proj
arrhythmia,1,57,random_proj
arrhythmia,1,58,random_proj
arrhythmia,1,59,random_proj
arrhythmia,1,60,autofeat
arrhythmia,1,61,autofeat
arrhythmia,1,62,autofeat
arrhythmia,1,63,identity
arrhythmia,1,64,autofeat
arrhythmia,1,65,autofeat
arrhythmia,1,66,ht_svd
arrhythmia,1,67,autofeat
arrhythmia,1,68,autofeat
arrhythmia,1,69,random_proj
arrhythmia,1,70,autofeat
arrhythmia,1,71,autofeat
arrhythmia,1,72,random_proj
arrhythmia,1,73,ht_svd
arrhythmia,1,74,ht_svd
arrhythmia,1,75,ht_svd
arrhythmia,1,76,autofeat
arrhythmia,1,77,random_proj
arrhythmia,1,78,random_proj
arrhythmia,1,79,autofeat
arrhythmia,1,80,autofeat
arrhythmia,1,81,identity
arrhythmia,1,82,ht_svd
arrhythmia,1,83,autofeat
arrhythmia,1,84,random_proj
arrhythmia,1,85,random_proj
arrhythmia,1,86,ht_svd
arrhythmia,1,87,random_proj
arrhythmia,1,88,identity
arrhythmia,1,89,autofeat
arrhythmia,1,90,autofeat
arrhythmia,1,91,autofeat
arrhythmia,1,92,identity
arrhythmia,1,93,autofeat
arrhythmia,1,94,autofeat
arrhythmia,1,95,random_proj
arrhythmia,1,96,ht_svd
arrhythmia,1,97,random_proj
arrhythmia,1,98,autofeat
arrhythmia,1,99,random_proj
arrhythmia,2,0,identity
arrhythmia,2,1,autofeat
arrhythmia,2,2,autofeat
arrhythmia,2,3,identity
arrhythmia,2,4,identity
arrhythmia,2,5,identity
arrhythmia,2,6,autofeat
arrhythmia,2,7,identity
arrhythmia,2,8,random_proj
arrhythmia,2,9,autofeat
arrhythmia,2,10,autofeat
arrhythmia,2,11,identity
arrhythmia,2,12,autofeat
arrhythmia,2,13,random_proj
arrhythmia,2,14,identity
arrhythmia,2,15,random_proj
arrhythmia,2,16,random_proj
arrhythmia,2,17,ht_svd
arrhythmia,2,18,identity
arrhythmia,2,19,ht_svd
arrhythmia,2,20,random_proj
arrhythmia,2,21,autofeat
arrhythmia,2,22,random_proj
arrhythmia,2,23,autofeat
arrhythmia,2,24,identity
arrhythmia,2,25,identity
arrhythmia,2,26,identity
arrhythmia,2,27,identity
arrhythmia,2,28,random_proj
arrhythmia,2,29,identity
arrhythmia,2,30,random_proj
arrhythmia,2,31,identity
arrhythmia,2,32,identity
arrhythmia,2,33,identity
arrhythmia,2,34,autofeat
arrhythmia,2,35,ht_svd
arrhythmia,2,36,random_proj
arrhythmia,2,37,identity
arrhythmia,2,38,random_proj
arrhythmia,2,39,random_proj
arrhythmia,2,40,random_proj
arrhythmia,2,41,random_proj
arrhythmia,2,42,identity
arrhythmia,2,43,random_proj
arrhythmia,2,44,identity
arrhythmia,2,45,random_proj
arrhythmia,2,46,random_proj
arrhythmia,2,47,random_proj
arrhythmia,2,48,ht_svd
arrhythmia,2,49,identity
arrhythmia,2,50,autofeat
arrhythmia,2,51,ht_svd
arrhythmia,2,52,ht_svd
arrhythmia,2,53,random_proj
arrhythmia,2,54,autofeat
arrhythmia,2,55,random_proj
arrhythmia,2,56,ht_svd
arrhythmia,2,57,autofeat
arrhythmia,2,58,random_proj
arrhythmia,2,59,ht_svd
arrhythmia,2,60,ht_svd
arrhythmia,2,61,identity
arrhythmia,2,62,random_proj
arrhythmia,2,63,ht_svd
arrhythmia,2,64,random_proj
arrhythmia,2,65,random_proj
arrhythmia,2,66,ht_svd
arrhythmia,2,67,ht_svd
arrhythmia,2,68,identity
arrhythmia,2,69,ht_svd
arrhythmia,2,70,ht_svd
arrhythmia,2,71,ht_svd
arrhythmia,2,72,random_proj
arrhythmia,2,73,random_proj
arrhythmia,2,74,identity
arrhythmia,2,75,random_proj
arrhythmia,2,76,random_proj
arrhythmia,2,77,random_proj
arrhythmia,2,78,identity
arrhythmia,2,79,identity
arrhythmia,2,80,identity
arrhythmia,2,81,identity
arrhythmia,2,82,ht_svd
arrhythmia,2,83,identity
arrhythmia,2,84,ht_svd
arrhythmia,2,85,random_proj
arrhythmia,2,86,random_proj
arrhythmia,2,87,random_proj
arrhythmia,2,88,identity
arrhythmia,2,89,ht_svd
arrhythmia,2,90,identity
arrhythmia,2,91,ht_svd
arrhythmia,2,92,identity
arrhythmia,2,93,identity
arrhythmia,2,94,ht_svd
arrhythmia,2,95,ht_svd
arrhythmia,2,96,ht_svd
arrhythmia,2,97,ht_svd
arrhythmia,2,98,random_proj
arrhythmia,2,99,ht_svd
arrhythmia,3,0,identity
arrhythmia,3,1,identity
arrhythmia,3,2,autofeat
arrhythmia,3,3,autofeat
arrhythmia,3,4,autofeat
arrhythmia,3,5,random_proj
arrhythmia,3,6,identity
arrhythmia,3,7,identity
arrhythmia,3,8,identity
arrhythmia,3,9,autofeat
arrhythmia,3,10,identity
arrhythmia,3,11,random_proj
arrhythmia,3,12,ht_svd
arrhythmia,3,13,autofeat
arrhythmia,3,14,autofeat
arrhythmia,3,15,ht_svd
arrhythmia,3,16,identity
arrhythmia,3,17,random_proj
arrhythmia,3,18,random_proj
arrhythmia,3,19,ht_svd
arrhythmia,3,20,random_proj
arrhythmia,3,21,random_proj
arrhythmia,3,22,autofeat
arrhythmia,3,23,identity
arrhythmia,3,24,random_proj
arrhythmia,3,25,identity
arrhythmia,3,26,autofeat
arrhythmia,3,27,random_proj
arrhythmia,3,28,identity
arrhythmia,3,29,autofeat
arrhythmia,3,30,identity
arrhythmia,3,31,autofeat
arrhythmia,3,32,identity
arrhythmia,3,33,autofeat
arrhythmia,3,34,identity
arrhythmia,3,35,identity
arrhythmia,3,36,ht_svd
arrhythmia,3,37,autofeat
arrhythmia,3,38,autofeat
arrhythmia,3,39,random_proj
arrhythmia,3,40,ht_svd
arrhythmia,3,41,identity
arrhythmia,3,42,autofeat
arrhythmia,3,43,identity
arrhythmia,3,44,random_proj
arrhythmia,3,45,ht_svd
arrhythmia,3,46,random_proj
arrhythmia,3,47,identity
arrhythmia,3,48,random_proj
arrhythmia,3,49,random_proj
arrhythmia,3,50,identity
arrhythmia,3,51,random_proj
arrhythmia,3,52,autofeat
arrhythmia,3,53,random_proj
arrhythmia,3,54,identity
arrhythmia,3,55,ht_svd
arrhythmia,3,56,identity
arrhythmia,3,57,identity
arrhythmia,3,58,identity
arrhythmia,3,59,random_proj
arrhythmia,3,60,random_proj
arrhythmia,3,61,random_proj
arrhythmia,3,62,autofeat
arrhythmia,3,63,random_proj
arrhythmia,3,64,identity
arrhythmia,3,65,autofeat
arrhythmia,3,66,identity
arrhythmia,3,67,identity
arrhythmia,3,68,ht_svd
arrhythmia,3,69,ht_svd
arrhythmia,3,70,random_proj
arrhythmia,3,71,identity
arrhythmia,3,72,identity
arrhythmia,3,73,random_proj
arrhythmia,3,74,autofeat
arrhythmia,3,75,identity
arrhythmia,3,76,random_proj
arrhythmia,3,77,autofeat
arrhythmia,3,78,identity
arrhythmia,3,79,random_proj
arrhythmia,3,80,random_proj
arrhythmia,3,81,autofeat
arrhythmia,3,82,ht_svd
arrhythmia,3,83,autofeat
arrhythmia,3,84,autofeat
arrhythmia,3,85,random_proj
arrhythmia,3,86,random_proj
arrhythmia,3,87,identity
arrhythmia,3,88,ht_svd
arrhythmia,3,89,autofeat
arrhythmia,3,90,ht_svd
arrhythmia,3,91,identity
arrhythmia,3,92,random_proj
arrhythmia,3,93,identity
arrhythmia,3,94,identity
arrhythmia,3,95,identity
arrhythmia,3,96,identity
arrhythmia,3,97,random_proj
arrhythmia,3,98,ht_svd
arrhythmia,3,99,identity
libras,0,0,random_proj
libras,0,1,random_proj
libras,0,2,random_proj
libras,0,3,ht_svd
libras,0,4,ht_svd
libras,0,5,random_proj
libras,0,6,identity
libras,0,7,random_proj
libras,0,8,autofeat
libras,0,9,identity
libras,0,10,random_proj
libras,0,11,identity
libras,0,12,ht_svd
libras,0,13,autofeat
libras,0,14,random_proj
libras,0,15,random_proj
libras,0,16,random_proj
libras,0,17,autofeat
libras,0,18,random_proj
libras,0,19,ht_svd
libras,0,20,ht_svd
libras,0,21,random_proj
libras,0,22,autofeat
libras,0,23,ht_svd
libras,0,24,random_proj
libras,0,25,autofeat
libras,0,26,ht_svd
libras,0,27,random_proj
libras,0,28,random_proj
libras,0,29,ht_svd
libras,0,30,ht_svd
libras,0,31,ht_svd
libras,0,32,ht_svd
libras,0,33,random_proj
libras,0,34,autofeat
libras,0,35,autofeat
libras,0,36,identity
libras,0,37,ht_svd
libras,0,38,random_proj
libras,0,39,autofeat
libras,0,40,ht_svd
libras,0,41,autofeat
libras,0,42,autofeat
libras,0,43,ht_svd
libras,0,44,ht_svd
libras,0,45,autofeat
libras,0,46,autofeat
libras,0,47,autofeat
libras,0,48,autofeat
libras,0,49,autofeat
libras,0,50,autofeat
libras,0,51,ht_svd
libras,0,52,ht_svd
libras,0,53,identity
libras,0,54,identity
libras,0,55,ht_svd
libras,0,56,identity
libras,0,57,identity
libras,0,58,ht_svd
libras,0,59,random_proj
libras,0,60,identity
libras,0,61,ht_svd
libras,0,62,autofeat
libras,0,63,ht_svd
libras,0,64,autofeat
libras,0,65,ht_svd
libras,0,66,ht_svd
libras,0,67,ht_svd
libras,0,68,identity
libras,0,69,autofeat
libras,0,70,autofeat
libras,0,71,autofeat
libras,0,72,autofeat
libras,0,73,identity
libras,0,74,identity
libras,0,75,identity
libras,0,76,identity
libras,0,77,identity
libras,0,78,autofeat
libras,0,79,identity
libras,0,80,ht_svd
libras,0,81,identity
libras,0,82,autofeat
libras,0,83,autofeat
libras,0,84,identity
libras,0,85,identity
libras,0,86,ht_svd
libras,0,87,autofeat
libras,0,88,ht_svd
libras,0,89,identity
libras,0,90,identity
libras,0,91,autofeat
libras,0,92,identity
libras,0,93,identity
libras,0,94,identity
libras,0,95,identity
libras,0,96,identity
libras,0,97,identity
libras,0,98,identity
libras,0,99,ht_svd
libras,1,0,identity
libras,1,1,random_proj
libras,1,2,identity
libras,1,3,ht_svd
libras,1,4,identity
libras,1,5,random_proj
libras,1,6,autofeat
libras,1,7,ht_svd
libras,1,8,identity
libras,1,9,random_proj
libras,1,10,random_proj
libras,1,11,ht_svd
libras,1,12,random_proj
libras,1,13,random_proj
libras,1,14,ht_svd
libras,1,15,ht_svd
libras,1,16,ht_svd
libras,1,17,identity
libras,1,18,random_proj
libras,1,19,random_proj
libras,1,20,autofeat
libras,1,21,random_proj
libras,1,22,ht_svd
libras,1,23,random_proj
libras,1,24,ht_svd
libras,1,25,autofeat
libras,1,26,identity
libras,1,27,ht_svd
libras,1,28,autofeat
libras,1,29,random_proj
libras,1,30,identity
libras,1,31,autofeat
libras,1,32,ht_svd
libras,1,33,ht_svd
libras,1,34,random_proj
libras,1,35,ht_svd
libras,1,36,ht_svd
libras,1,37,ht_svd
libras,1,38,random_proj
libras,1,39,ht_svd
libras,1,40,identity
libras,1,41,ht_svd
libras,1,42,random_proj
libras,1,43,ht_svd
libras,1,44,identity
libras,1,45,identity
libras,1,46,autofeat
libras,1,47,ht_svd
libras,1,48,identity
libras,1,49,random_proj
libras,1,50,ht_svd
libras,1,51,identity
libras,1,52,ht_svd
libras,1,53,autofeat
libras,1,54,autofeat
libras,1,55,autofeat
libras,1,56,random_proj
libras,1,57,autofeat
libras,1,58,autofeat
libras,1,59,random_proj
libras,1,60,identity
libras,1,61,autofeat
libras,1,62,identity
libras,1,63,ht_svd
libras,1,64,autofeat
libras,1,65,autofeat
libras,1,66,ht_svd
libras,1,67,random_proj
libras,1,68,identity
libras,1,69,ht_svd
libras,1,70,identity
libras,1,71,autofeat
libras,1,72,identity
libras,1,73,random_proj
libras,1,74,autofeat
libras,1,75,identity
libras,1,76,autofeat
libras,1,77,identity
libras,1,78,identity
libras,1,79,identity
libras,1,80,ht_svd
libras,1,81,identity
libras,1,82,identity
libras,1,83,ht_svd
libras,1,84,identity
libras,1,85,identity
libras,1,86,identity
libras,1,87,identity
libras,1,88,random_proj
libras,1,89,identity
libras,1,90,ht_svd
libras,1,91,identity
libras,1,92,autofeat
libras,1,93,identity
libras,1,94,autofeat
libras,1,95,identity
libras,1,96,ht_svd
libras,1,97,identity
libras,1,98,identity
libras,1,99,autofeat
libras,2,0,identity
libras,2,1,autofeat
libras,2,2,identity
libras,2,3,ht_svd
libras,2,4,ht_svd
libras,2,5,identity
libras,2,6,random_proj
libras,2,7,identity
libras,2,8,identity
libras,2,9,identity
libras,2,10,ht_svd
libras,2,11,identity
libras,2,12,autofeat
libras,2,13,autofeat
libras,2,14,ht_svd
libras,2,15,random_proj
libras,2,16,random_proj
libras,2,17,random_proj
libras,2,18,ht_svd
libras,2,19,identity
libras,2,20,ht_svd
libras,2,21,random_proj
libras,2,22,ht_svd
libras,2,23,random_proj
libras,2,24,random_proj
libras,2,25,random_proj
libras,2,26,autofeat
libras,2,27,random_proj
libras,2,28,identity
libras,2,29,identity
libras,2,30,ht_svd
libras,2,31,ht_svd
libras,2,32,ht_svd
libras,2,33,autofeat
libras,2,34,ht_svd
libras,2,35,autofeat
libras,2,36,random_proj
libras,2,37,ht_svd
libras,2,38,ht_svd
libras,2,39,autofeat
libras,2,40,random_proj
libras,2,41,identity
libras,2,42,autofeat
libras,2,43,autofeat
libras,2,44,autofeat
libras,2,45,autofeat
libras,2,46,autofeat
libras,2,47,ht_svd
libras,2,48,ht_svd
libras,2,49,autofeat
libras,2,50,autofeat
libras,2,51,identity
libras,2,52,identity
libras,2,53,autofeat
libras,2,54,autofeat
libras,2,55,identity
libras,2,56,identity
libras,2,57,random_proj
libras,2,58,ht_svd
libras,2,59,autofeat
libras,2,60,identity
libras,2,61,autofeat
libras,2,62,ht_svd
libras,2,63,ht_svd
libras,2,64,identity
libras,2,65,random_proj
libras,2,66,ht_svd
libras,2,67,identity
libras,2,68,ht_svd
libras,2,69,autofeat
libras,2,70,ht_svd
libras,2,71,identity
libras,2,72,ht_svd
libras,2,73,identity
libras,2,74,identity
libras,2,75,identity
libras,2,76,identity
libras,2,77,identity
libras,2,78,ht_svd
libras,2,79,identity
libras,2,80,identity
libras,2,81,identity
libras,2,82,identity
libras,2,83,autofeat
libras,2,84,identity
libras,2,85,identity
libras,2,86,identity
libras,2,87,identity
libras,2,88,random_proj
libras,2,89,identity
libras,2,90,ht_svd
libras,2,91,identity
libras,2,92,identity
libras,2,93,identity
libras,2,94,identity
libras,2,95,identity
libras,2,96,random_proj
libras,2,97,identity
libras,2,98,identity
libras,2,99,identity
libras,3,0,random_proj
libras,3,1,ht_svd
libras,3,2,random_proj
libras,3,3,autofeat
libras,3,4,random_proj
libras,3,5,autofeat
libras,3,6,identity
libras,3,7,autofeat
libras,3,8,ht_svd
libras,3,9,autofeat
libras,3,10,ht_svd
libras,3,11,ht_svd
libras,3,12,random_proj
libras,3,13,ht_svd
libras,3,14,autofeat
libras,3,15,ht_svd
libras,3,16,ht_svd
libras,3,17,ht_svd
libras,3,18,ht_svd
libras,3,19,random_proj
libras,3,20,random_proj
libras,3,21,ht_svd
libras,3,22,ht_svd
libras,3,23,ht_svd
libras,3,24,random_proj
libras,3,25,ht_svd
libras,3,26,ht_svd
libras,3,27,random_proj
libras,3,28,ht_svd
libras,3,29,random_proj
libras,3,30,ht_svd
libras,3,31,random_proj
libras,3,32,ht_svd
libras,3,33,ht_svd
libras,3,34,autofeat
libras,3,35,ht_svd
libras,3,36,ht_svd
libras,3,37,ht_svd
libras,3,38,ht_svd
libras,3,39,ht_svd
libras,3,40,random_proj
libras,3,41,ht_svd
libras,3,42,ht_svd
libras,3,43,random_proj
libras,3,44,ht_svd
libras,3,45,autofeat
libras,3,46,ht_svd
libras,3,47,ht_svd
libras,3,48,ht_svd
libras,3,49,random_proj
libras,3,50,random_proj
libras,3,51,autofeat
libras,3,52,random_proj
libras,3,53,autofeat
libras,3,54,autofeat
libras,3,55,ht_svd
libras,3,56,ht_svd
libras,3,57,random_proj
libras,3,58,ht_svd
libras,3,59,ht_svd
libras,3,60,identity
libras,3,61,autofeat
libras,3,62,identity
libras,3,63,ht_svd
libras,3,64,random_proj
libras,3,65,random_proj
libras,3,66,random_proj
libras,3,67,autofeat
libras,3,68,autofeat
libras,3,69,random_proj
libras,3,70,identity
libras,3,71,identity
libras,3,72,identity
libras,3,73,identity
libras,3,74,ht_svd
libras,3,75,random_proj
libras,3,76,autofeat
libras,3,77,identity
libras,3,78,ht_svd
libras,3,79,identity
libras,3,80,ht_svd
libras,3,81,identity
libras,3,82,identity
libras,3,83,ht_svd
libras,3,84,ht_svd
libras,3,85,identity
libras,3,86,identity
libras,3,87,identity
libras,3,88,autofeat
libras,3,89,identity
libras,3,90,identity
libras,3,91,identity
libras,3,92,random_proj
libras,3,93,identity
libras,3,94,identity
libras,3,95,identity
libras,3,96,random_proj
libras,3,97,identity
libras,3,98,identity
libras,3,99,random_proj
semeion,0,0,identity
semeion,0,1,identity
semeion,0,2,identity
semeion,0,3,identity
semeion,0,4,identity
semeion,0,5,identity
semeion,0,6,ht_svd
semeion,0,7,identity
semeion,0,8,ht_svd
semeion,0,9,identity
semeion,0,10,ht_svd
semeion,0,11,identity
semeion,0,12,ht_svd
semeion,0,13,ht_svd
semeion,0,14,random_proj
semeion,0,15,identity
semeion,0,16,identity
semeion,0,17,ht_svd
semeion,0,18,random_proj
semeion,0,19,identity
semeion,0,20,ht_svd
semeion,0,21,identity
semeion,0,22,ht_svd
semeion,0,23,ht_svd
semeion,0,24,random_proj
semeion,0,25,ht_svd
semeion,0,26,ht_svd
semeion,0,27,ht_svd
semeion,0,28,ht_svd
semeion,0,29,random_proj
semeion,0,30,ht_svd
semeion,0,31,random_proj
semeion,0,32,identity
semeion,0,33,ht_svd
semeion,0,34,identity
semeion,0,35,ht_svd
semeion,0,36,ht_svd
semeion,0,37,random_proj
semeion,0,38,random_proj
semeion,0,39,ht_svd
semeion,0,40,ht_svd
semeion,0,41,ht_svd
semeion,0,42,ht_svd
semeion,0,43,identity
semeion,0,44,ht_svd
semeion,0,45,ht_svd
semeion,0,46,random_proj
semeion,0,47,ht_svd
semeion,0,48,ht_svd
semeion,0,49,random_proj
semeion,0,50,random_proj
semeion,0,51,identity
semeion,0,52,ht_svd
semeion,0,53,ht_svd
semeion,0,54,ht_svd
semeion,0,55,identity
semeion,0,56,ht_svd
semeion,0,57,ht_svd
semeion,0,58,identity
semeion,0,59,ht_svd
semeion,0,60,ht_svd
semeion,0,61,ht_svd
semeion,0,62,ht_svd
semeion,0,63,identity
semeion,0,64,ht_svd
semeion,0,65,identity
semeion,0,66,identity
semeion,0,67,identity
semeion,0,68,random_proj
semeion,0,69,ht_svd
semeion,0,70,identity
semeion,0,71,ht_svd
semeion,0,72,random_proj
semeion,0,73,identity
semeion,0,74,ht_svd
semeion,0,75,random_proj
semeion,0,76,ht_svd
semeion,0,77,random_proj
semeion,0,78,identity
semeion,0,79,random_proj
semeion,0,80,identity
semeion,0,81,random_proj
semeion,0,82,identity
semeion,0,83,random_proj
semeion,0,84,random_proj
semeion,0,85,random_proj
semeion,0,86,ht_svd
semeion,0,87,identity
semeion,0,88,identity
semeion,0,89,random_proj
semeion,0,90,ht_svd
semeion,0,91,random_proj
semeion,0,92,random_proj
semeion,0,93,random_proj
semeion,0,94,identity
semeion,0,95,random_proj
semeion,0,96,ht_svd
semeion,0,97,random_proj
semeion,0,98,identity
semeion,0,99,random_proj
semeion,1,0,identity
semeion,1,1,identity
semeion,1,2,identity
semeion,1,3,identity
semeion,1,4,identity
semeion,1,5,identity
semeion,1,6,identity
semeion,1,7,identity
semeion,1,8,ht_svd
semeion,1,9,ht_svd
semeion,1,10,identity
semeion,1,11,ht_svd
semeion,1,12,ht_svd
semeion,1,13,ht_svd
semeion,1,14,identity
semeion,1,15,ht_svd
semeion,1,16,ht_svd
semeion,1,17,random_proj
semeion,1,18,random_proj
semeion,1,19,identity
semeion,1,20,ht_svd
semeion,1,21,ht_svd
semeion,1,22,random_proj
semeion,1,23,identity
semeion,1,24,ht_svd
semeion,1,25,ht_svd
semeion,1,26,identity
semeion,1,27,ht_svd
semeion,1,28,random_proj
semeion,1,29,random_proj
semeion,1,30,random_proj
semeion,1,31,ht_svd
semeion,1,32,ht_svd
semeion,1,33,ht_svd
semeion,1,34,ht_svd
semeion,1,35,identity
semeion,1,36,identity
semeion,1,37,random_proj
semeion,1,38,random_proj
semeion,1,39,identity
semeion,1,40,identity
semeion,1,41,identity
semeion,1,42,ht_svd
semeion,1,43,identity
semeion,1,44,identity
semeion,1,45,identity
semeion,1,46,ht_svd
semeion,1,47,random_proj
semeion,1,48,random_proj
semeion,1,49,random_proj
semeion,1,50,ht_svd
semeion,1,51,random_proj
semeion,1,52,ht_svd
semeion,1,53,identity
semeion,1,54,identity
semeion,1,55,random_proj
semeion,1,56,identity
semeion,1,57,identity
semeion,1,58,identity
semeion,1,59,ht_svd
semeion,1,60,identity
semeion,1,61,identity
semeion,1,62,identity
semeion,1,63,identity
semeion,1,64,ht_svd
semeion,1,65,identity
semeion,1,66,identity
semeion,1,67,identity
semeion,1,68,identity
semeion,1,69,identity
semeion,1,70,ht_svd
semeion,1,71,random_proj
semeion,1,72,identity
semeion,1,73,identity
semeion,1,74,identity
semeion,1,75,random_proj
semeion,1,76,identity
semeion,1,77,identity
semeion,1,78,ht_svd
semeion,1,79,ht_svd
semeion,1,80,identity
semeion,1,81,ht_svd
semeion,1,82,random_proj
semeion,1,83,random_proj
semeion,1,84,random_proj
semeion,1,85,identity
semeion,1,86,random_proj
semeion,1,87,identity
semeion,1,88,random_proj
semeion,1,89,ht_svd
semeion,1,90,random_proj
semeion,1,91,random_proj
semeion,1,92,random_proj
semeion,1,93,identity
semeion,1,94,random_proj
semeion,1,95,random_proj
semeion,1,96,ht_svd
semeion,1,97,random_proj
semeion,1,98,random_proj
semeion,1,99,random_proj
semeion,2,0,identity
semeion,2,1,identity
semeion,2,2,identity
semeion,2,3,identity
semeion,2,4,identity
semeion,2,5,ht_svd
semeion,2,6,identity
semeion,2,7,identity
semeion,2,8,identity
semeion,2,9,ht_svd
semeion,2,10,identity
semeion,2,11,ht_svd
semeion,2,12,identity
semeion,2,13,ht_svd
semeion,2,14,ht_svd
semeion,2,15,ht_svd
semeion,2,16,identity
semeion,2,17,random_proj
semeion,2,18,identity
semeion,2,19,ht_svd
semeion,2,20,ht_svd
semeion,2,21,random_proj
semeion,2,22,random_proj
semeion,2,23,identity
semeion,2,24,identity
semeion,2,25,ht_svd
semeion,2,26,ht_svd
semeion,2,27,ht_svd
semeion,2,28,random_proj
semeion,2,29,ht_svd
semeion,2,30,identity
semeion,2,31,random_proj
semeion,2,32,identity
semeion,2,33,identity
semeion,2,34,identity
semeion,2,35,identity
semeion,2,36,identity
semeion,2,37,identity
semeion,2,38,identity
semeion,2,39,random_proj
semeion,2,40,random_proj
semeion,2,41,ht_svd
semeion,2,42,random_proj
semeion,2,43,ht_svd
semeion,2,44,identity
semeion,2,45,random_proj
semeion,2,46,ht_svd
semeion,2,47,ht_svd
semeion,2,48,identity
semeion,2,49,identity
semeion,2,50,random_proj
semeion,2,51,ht_svd
semeion,2,52,ht_svd
semeion,2,53,random_proj
semeion,2,54,random_proj
semeion,2,55,ht_svd
semeion,2,56,ht_svd
semeion,2,57,ht_svd
semeion,2,58,identity
semeion,2,59,random_proj
semeion,2,60,ht_svd
semeion,2,61,random_proj
semeion,2,62,random_proj
semeion,2,63,identity
semeion,2,64,ht_svd
semeion,2,65,random_proj
semeion,2,66,random_proj
semeion,2,67,identity
semeion,2,68,identity
semeion,2,69,identity
semeion,2,70,random_proj
semeion,2,71,identity
semeion,2,72,identity
semeion,2,73,random_proj
semeion,2,74,ht_svd
semeion,2,75,random_proj
semeion,2,76,random_proj
semeion,2,77,random_proj
semeion,2,78,random_proj
semeion,2,79,identity
semeion,2,80,random_proj
semeion,2,81,identity
semeion,2,82,random_proj
semeion,2,83,random_proj
semeion,2,84,random_proj
semeion,2,85,random_proj
semeion,2,86,random_proj
semeion,2,87,random_proj
semeion,2,88,identity
semeion,2,89,ht_svd
semeion,2,90,ht_svd
semeion,2,91,identity
semeion,2,92,ht_svd
semeion,2,93,random_proj
semeion,2,94,ht_svd
semeion,2,95,random_proj
semeion,2,96,random_proj
semeion,2,97,ht_svd
semeion,2,98,random_proj
semeion,2,99,random_proj
semeion,3,0,identity
semeion,3,1,identity
semeion,3,2,identity
semeion,3,3,identity
semeion,3,4,identity
semeion,3,5,identity
semeion,3,6,ht_svd
semeion,3,7,identity
semeion,3,8,ht_svd
semeion,3,9,ht_svd
semeion,3,10,ht_svd
semeion,3,11,identity
semeion,3,12,random_proj
semeion,3,13,identity
semeion,3,14,ht_svd
semeion,3,15,identity
semeion,3,16,ht_svd
semeion,3,17,identity
semeion,3,18,ht_svd
semeion,3,19,random_proj
semeion,3,20,ht_svd
semeion,3,21,ht_svd
semeion,3,22,ht_svd
semeion,3,23,random_proj
semeion,3,24,identity
semeion,3,25,identity
semeion,3,26,ht_svd
semeion,3,27,ht_svd
semeion,3,28,identity
semeion,3,29,identity
semeion,3,30,ht_svd
semeion,3,31,ht_svd
semeion,3,32,random_proj
semeion,3,33,identity
semeion,3,34,random_proj
semeion,3,35,ht_svd
semeion,3,36,ht_svd
semeion,3,37,ht_svd
semeion,3,38,ht_svd
semeion,3,39,ht_svd
semeion,3,40,ht_svd
semeion,3,41,random_proj
semeion,3,42,ht_svd
semeion,3,43,ht_svd
semeion,3,44,ht_svd
semeion,3,45,random_proj
semeion,3,46,random_proj
semeion,3,47,ht_svd
semeion,3,48,ht_svd
semeion,3,49,identity
semeion,3,50,identity
semeion,3,51,ht_svd
semeion,3,52,ht_svd
semeion,3,53,ht_svd
semeion,3,54,ht_svd
semeion,3,55,ht_svd
semeion,3,56,random_proj
semeion,3,57,random_proj
semeion,3,58,identity
semeion,3,59,identity
semeion,3,60,ht_svd
semeion,3,61,ht_svd
semeion,3,62,random_proj
semeion,3,63,ht_svd
semeion,3,64,identity
semeion,3,65,ht_svd
semeion,3,66,identity
semeion,3,67,identity
semeion,3,68,identity
semeion,3,69,identity
semeion,3,70,ht_svd
semeion,3,71,identity
semeion,3,72,identity
semeion,3,73,ht_svd
semeion,3,74,ht_svd
semeion,3,75,random_proj
semeion,3,76,identity
semeion,3,77,random_proj
semeion,3,78,random_proj
semeion,3,79,identity
semeion,3,80,random_proj
semeion,3,81,random_proj
semeion,3,82,ht_svd
semeion,3,83,ht_svd
semeion,3,84,random_proj
semeion,3,85,random_proj
semeion,3,86,ht_svd
semeion,3,87,random_proj
semeion,3,88,ht_svd
semeion,3,89,random_proj
semeion,3,90,random_proj
semeion,3,91,random_proj
semeion,3,92,random_proj
semeion,3,93,ht_svd
semeion,3,94,random_proj
semeion,3,95,ht_svd
semeion,3,96,identity
semeion,3,97,ht_svd
semeion,3,98,random_proj
semeion,3,99,random_proj
musk-2,0,0,autofeat
musk-2,0,1,autofeat
musk-2,0,2,autofeat
musk-2,0,3,autofeat
musk-2,0,4,identity
musk-2,0,5,autofeat
musk-2,0,6,identity
musk-2,0,7,identity
musk-2,0,8,autofeat
musk-2,0,9,random_proj
musk-2,0,10,ht_svd
musk-2,0,11,autofeat
musk-2,0,12,ht_svd
musk-2,0,13,autofeat
musk-2,0,14,ht_svd
musk-2,0,15,identity
musk-2,0,16,autofeat
musk-2,0,17,identity
musk-2,0,18,identity
musk-2,0,19,autofeat
musk-2,0,20,random_proj
musk-2,0,21,ht_svd
musk-2,0,22,autofeat
musk-2,0,23,ht_svd
musk-2,0,24,identity
musk-2,0,25,ht_svd
musk-2,0,26,identity
musk-2,0,27,random_proj
musk-2,0,28,random_proj
musk-2,0,29,ht_svd
musk-2,0,30,identity
musk-2,0,31,autofeat
musk-2,0,32,identity
musk-2,0,33,ht_svd
musk-2,0,34,random_proj
musk-2,0,35,autofeat
musk-2,0,36,random_proj
musk-2,0,37,random_proj
musk-2,0,38,autofeat
musk-2,0,39,random_proj
musk-2,0,40,identity
musk-2,0,41,identity
musk-2,0,42,identity
musk-2,0,43,autofeat
musk-2,0,44,ht_svd
musk-2,0,45,identity
musk-2,0,46,autofeat
musk-2,0,47,identity
musk-2,0,48,identity
musk-2,0,49,identity
musk-2,0,50,identity
musk-2,0,51,autofeat
musk-2,0,52,identity
musk-2,0,53,identity
musk-2,0,54,random_proj
musk-2,0,55,ht_svd
musk-2,0,56,identity
musk-2,0,57,ht_svd
musk-2,0,58,random_proj
musk-2,0,59,random_proj
musk-2,0,60,identity
musk-2,0,61,random_proj
musk-2,0,62,ht_svd
musk-2,0,63,autofeat
musk-2,0,64,ht_svd
musk-2,0,65,ht_svd
musk-2,0,66,ht_svd
musk-2,0,67,ht_svd
musk-2,0,68,ht_svd
musk-2,0,69,ht_svd
musk-2,0,70,ht_svd
musk-2,0,71,ht_svd
musk-2,0,72,autofeat
musk-2,0,73,random_proj
musk-2,0,74,autofeat
musk-2,0,75,identity
musk-2,0,76,ht_svd
musk-2,0,77,autofeat
musk-2,0,78,autofeat
musk-2,0,79,autofeat
musk-2,0,80,autofeat
musk-2,0,81,autofeat
musk-2,0,82,random_proj
musk-2,0,83,random_proj
musk-2,0,84,random_proj
musk-2,0,85,random_proj
musk-2,0,86,random_proj
musk-2,0,87,ht_svd
musk-2,0,88,ht_svd
musk-2,0,89,autofeat
musk-2,0,90,ht_svd
musk-2,0,91,autofeat
musk-2,0,92,autofeat
musk-2,0,93,ht_svd
musk-2,0,94,autofeat
musk-2,0,95,ht_svd
musk-2,0,96,ht_svd
musk-2,0,97,ht_svd
musk-2,0,98,ht_svd
musk-2,0,99,ht_svd
musk-2,1,0,identity
musk-2,1,1,identity
musk-2,1,2,autofeat
musk-2,1,3,identity
musk-2,1,4,autofeat
musk-2,1,5,identity
musk-2,1,6,autofeat
musk-2,1,7,autofeat
musk-2,1,8,autofeat
musk-2,1,9,identity
musk-2,1,10,autofeat
musk-2,1,11,autofeat
musk-2,1,12,identity
musk-2,1,13,autofeat
musk-2,1,14,random_proj
musk-2,1,15,autofeat
musk-2,1,16,ht_svd
musk-2,1,17,autofeat
musk-2,1,18,random_proj
musk-2,1,19,autofeat
musk-2,1,20,autofeat
musk-2,1,21,ht_svd
musk-2,1,22,identity
musk-2,1,23,autofeat
musk-2,1,24,ht_svd
musk-2,1,25,random_proj
musk-2,1,26,random_proj
musk-2,1,27,random_proj
musk-2,1,28,random_proj
musk-2,1,29,random_proj
musk-2,1,30,random_proj
musk-2,1,31,autofeat
musk-2,1,32,random_proj
musk-2,1,33,random_proj
musk-2,1,34,autofeat
musk-2,1,35,autofeat
musk-2,1,36,autofeat
musk-2,1,37,autofeat
musk-2,1,38,identity
musk-2,1,39,autofeat
musk-2,1,40,autofeat
musk-2,1,41,autofeat
musk-2,1,42,random_proj
musk-2,1,43,random_proj
musk-2,1,44,ht_svd
musk-2,1,45,ht_svd
musk-2,1,46,autofeat
musk-2,1,47,ht_svd
musk-2,1,48,identity
musk-2,1,49,identity
musk-2,1,50,random_proj
musk-2,1,51,random_proj
musk-2,1,52,autofeat
musk-2,1,53,random_proj
musk-2,1,54,identity
musk-2,1,55,identity
musk-2,1,56,random_proj
musk-2,1,57,identity
musk-2,1,58,identity
musk-2,1,59,random_proj
musk-2,1,60,random_proj
musk-2,1,61,autofeat
musk-2,1,62,autofeat
musk-2,1,63,identity
musk-2,1,64,autofeat
musk-2,1,65,autofeat
musk-2,1,66,random_proj
musk-2,1,67,autofeat
musk-2,1,68,random_proj
musk-2,1,69,autofeat
musk-2,1,70,random_proj
musk-2,1,71,random_proj
musk-2,1,72,random_proj
musk-2,1,73,random_proj
musk-2,1,74,random_proj
musk-2,1,75,random_proj
musk-2,1,76,autofeat
musk-2,1,77,autofeat
musk-2,1,78,random_proj
musk-2,1,79,random_proj
musk-2,1,80,autofeat
musk-2,1,81,autofeat
musk-2,1,82,random_proj
musk-2,1,83,random_proj
musk-2,1,84,random_proj
musk-2,1,85,ht_svd
musk-2,1,86,random_proj
musk-2,1,87,ht_svd
musk-2,1,88,random_proj
musk-2,1,89,ht_svd
musk-2,1,90,random_proj
musk-2,1,91,random_proj
musk-2,1,92,random_proj
musk-2,1,93,autofeat
musk-2,1,94,random_proj
musk-2,1,95,random_proj
musk-2,1,96,random_proj
musk-2,1,97,random_proj
musk-2,1,98,random_proj
musk-2,1,99,identity
musk-2,2,0,autofeat
musk-2,2,1,identity
musk-2,2,2,identity
musk-2,2,3,autofeat
musk-2,2,4,identity
musk-2,2,5,identity
musk-2,2,6,autofeat
musk-2,2,7,autofeat
musk-2,2,8,autofeat
musk-2,2,9,autofeat
musk-2,2,10,random_proj
musk-2,2,11,autofeat
musk-2,2,12,ht_svd
musk-2,2,13,autofeat
musk-2,2,14,autofeat
musk-2,2,15,random_proj
musk-2,2,16,ht_svd
musk-2,2,17,random_proj
musk-2,2,18,autofeat
musk-2,2,19,identity
musk-2,2,20,identity
musk-2,2,21,autofeat
musk-2,2,22,random_proj
musk-2,2,23,random_proj
musk-2,2,24,identity
musk-2,2,25,identity
musk-2,2,26,autofeat
musk-2,2,27,autofeat
musk-2,2,28,autofeat
musk-2,2,29,autofeat
musk-2,2,30,random_proj
musk-2,2,31,identity
musk-2,2,32,identity
musk-2,2,33,autofeat
musk-2,2,34,autofeat
musk-2,2,35,random_proj
musk-2,2,36,identity
musk-2,2,37,autofeat
musk-2,2,38,autofeat
musk-2,2,39,ht_svd
musk-2,2,40,identity
musk-2,2,41,identity
musk-2,2,42,identity
musk-2,2,43,ht_svd
musk-2,2,44,ht_svd
musk-2,2,45,autofeat
musk-2,2,46,identity
musk-2,2,47,autofeat
musk-2,2,48,identity
musk-2,2,49,identity
musk-2,2,50,random_proj
musk-2,2,51,random_proj
musk-2,2,52,autofeat
musk-2,2,53,random_proj
musk-2,2,54,ht_svd
musk-2,2,55,random_proj
musk-2,2,56,autofeat
musk-2,2,57,identity
musk-2,2,58,autofeat
musk-2,2,59,identity
musk-2,2,60,random_proj
musk-2,2,61,identity
musk-2,2,62,identity
musk-2,2,63,ht_svd
musk-2,2,64,identity
musk-2,2,65,random_proj
musk-2,2,66,autofeat
musk-2,2,67,random_proj
musk-2,2,68,random_proj
musk-2,2,69,identity
musk-2,2,70,autofeat
musk-2,2,71,identity
musk-2,2,72,identity
musk-2,2,73,autofeat
musk-2,2,74,autofeat
musk-2,2,75,autofeat
musk-2,2,76,identity
musk-2,2,77,identity
musk-2,2,78,autofeat
musk-2,2,79,random_proj
musk-2,2,80,identity
musk-2,2,81,autofeat
musk-2,2,82,random_proj
musk-2,2,83,random_proj
musk-2,2,84,identity
musk-2,2,85,autofeat
musk-2,2,86,autofeat
musk-2,2,87,identity
musk-2,2,88,identity
musk-2,2,89,random_proj
musk-2,2,90,random_proj
musk-2,2,91,identity
musk-2,2,92,identity
musk-2,2,93,random_proj
musk-2,2,94,autofeat
musk-2,2,95,identity
musk-2,2,96,autofeat
musk-2,2,97,ht_svd
musk-2,2,98,autofeat
musk-2,2,99,identity
musk-2,3,0,autofeat
musk-2,3,1,identity
musk-2,3,2,identity
musk-2,3,3,autofeat
musk-2,3,4,autofeat
musk-2,3,5,identity
musk-2,3,6,autofeat
musk-2,3,7,autofeat
musk-2,3,8,random_proj
musk-2,3,9,autofeat
musk-2,3,10,autofeat
musk-2,3,11,autofeat
musk-2,3,12,autofeat
musk-2,3,13,autofeat
musk-2,3,14,identity
musk-2,3,15,autofeat
musk-2,3,16,autofeat
musk-2,3,17,autofeat
musk-2,3,18,autofeat
musk-2,3,19,ht_svd
musk-2,3,20,ht_svd
musk-2,3,21,ht_svd
musk-2,3,22,autofeat
musk-2,3,23,identity
musk-2,3,24,identity
musk-2,3,25,autofeat
musk-2,3,26,autofeat
musk-2,3,27,autofeat
musk-2,3,28,ht_svd
musk-2,3,29,ht_svd
musk-2,3,30,ht_svd
musk-2,3,31,identity
musk-2,3,32,autofeat
musk-2,3,33,random_proj
musk-2,3,34,ht_svd
musk-2,3,35,autofeat
musk-2,3,36,ht_svd
musk-2,3,37,ht_svd
musk-2,3,38,ht_svd
musk-2,3,39,ht_svd
musk-2,3,40,ht_svd
musk-2,3,41,identity
musk-2,3,42,autofeat
musk-2,3,43,autofeat
musk-2,3,44,ht_svd
musk-2,3,45,identity
musk-2,3,46,random_proj
musk-2,3,47,random_proj
musk-2,3,48,ht_svd
musk-2,3,49,autofeat
musk-2,3,50,random_proj
musk-2,3,51,autofeat
musk-2,3,52,autofeat
musk-2,3,53,autofeat
musk-2,3,54,autofeat
musk-2,3,55,ht_svd
musk-2,3,56,ht_svd
musk-2,3,57,autofeat
musk-2,3,58,random_proj
musk-2,3,59,autofeat
musk-2,3,60,ht_svd
musk-2,3,61,ht_svd
musk-2,3,62,autofeat
musk-2,3,63,identity
musk-2,3,64,ht_svd
musk-2,3,65,random_proj
musk-2,3,66,ht_svd
musk-2,3,67,ht_svd
musk-2,3,68,random_proj
musk-2,3,69,autofeat
musk-2,3,70,autofeat
musk-2,3,71,identity
musk-2,3,72,ht_svd
musk-2,3,73,ht_svd
musk-2,3,74,ht_svd
musk-2,3,75,random_proj
musk-2,3,76,random_proj
musk-2,3,77,autofeat
musk-2,3,78,ht_svd
musk-2,3,79,autofeat
musk-2,3,80,identity
musk-2,3,81,autofeat
musk-2,3,82,autofeat
musk-2,3,83,ht_svd
musk-2,3,84,autofeat
musk-2,3,85,autofeat
musk-2,3,86,identity
musk-2,3,87,autofeat
musk-2,3,88,autofeat
musk-2,3,89,autofeat
musk-2,3,90,ht_svd
musk-2,3,91,random_proj
musk-2,3,92,random_proj
musk-2,3,93,ht_svd
musk-2,3,94,autofeat
musk-2,3,95,random_proj
musk-2,3,96,identity
musk-2,3,97,autofeat
musk-2,3,98,identity
musk-2,3,99,autofeat
pittsburg-bridges-MATERIAL,0,0,autofeat
pittsburg-bridges-MATERIAL,0,1,identity
pittsburg-bridges-MATERIAL,0,2,random_proj
pittsburg-bridges-MATERIAL,0,3,identity
pittsburg-bridges-MATERIAL,0,4,random_proj
pittsburg-bridges-MATERIAL,0,5,identity
pittsburg-bridges-MATERIAL,0,6,ht_svd
pittsburg-bridges-MATERIAL,0,7,random_proj
pittsburg-bridges-MATERIAL,0,8,random_proj
pittsburg-bridges-MATERIAL,0,9,random_proj
pittsburg-bridges-MATERIAL,0,10,identity
pittsburg-bridges-MATERIAL,0,11,random_proj
pittsburg-bridges-MATERIAL,0,12,random_proj
pittsburg-bridges-MATERIAL,0,13,random_proj
pittsburg-bridges-MATERIAL,0,14,autofeat
pittsburg-bridges-MATERIAL,0,15,random_proj
pittsburg-bridges-MATERIAL,0,16,ht_svd
pittsburg-bridges-MATERIAL,0,17,identity
pittsburg-bridges-MATERIAL,0,18,random_proj
pittsburg-bridges-MATERIAL,0,19,identity
pittsburg-bridges-MATERIAL,0,20,random_proj
pittsburg-bridges-MATERIAL,0,21,random_proj
pittsburg-bridges-MATERIAL,0,22,random_proj
pittsburg-bridges-MATERIAL,0,23,random_proj
pittsburg-bridges-MATERIAL,0,24,random_proj
pittsburg-bridges-MATERIAL,0,25,identity
pittsburg-bridges-MATERIAL,0,26,autofeat
pittsburg-bridges-MATERIAL,0,27,identity
pittsburg-bridges-MATERIAL,0,28,identity
pittsburg-bridges-MATERIAL,0,29,random_proj
pittsburg-bridges-MATERIAL,0,30,random_proj
pittsburg-bridges-MATERIAL,0,31,identity
pittsburg-bridges-MATERIAL,0,32,random_proj
pittsburg-bridges-MATERIAL,0,33,random_proj
pittsburg-bridges-MATERIAL,0,34,random_proj
pittsburg-bridges-MATERIAL,0,35,random_proj
pittsburg-bridges-MATERIAL,0,36,random_proj
pittsburg-bridges-MATERIAL,0,37,random_proj
pittsburg-bridges-MATERIAL,0,38,random_proj
pittsburg-bridges-MATERIAL,0,39,random_proj
pittsburg-bridges-MATERIAL,0,40,random_proj
pittsburg-bridges-MATERIAL,0,41,random_proj
pittsburg-bridges-MATERIAL,0,42,random_proj
pittsburg-bridges-MATERIAL,0,43,random_proj
pittsburg-bridges-MATERIAL,0,44,autofeat
pittsburg-bridges-MATERIAL,0,45,random_proj
pittsburg-bridges-MATERIAL,0,46,random_proj
pittsburg-bridges-MATERIAL,0,47,random_proj
pittsburg-bridges-MATERIAL,0,48,identity
pittsburg-bridges-MATERIAL,0,49,identity
pittsburg-bridges-MATERIAL,0,50,random_proj
pittsburg-bridges-MATERIAL,0,51,random_proj
pittsburg-bridges-MATERIAL,0,52,random_proj
pittsburg-bridges-MATERIAL,0,53,random_proj
pittsburg-bridges-MATERIAL,0,54,identity
pittsburg-bridges-MATERIAL,0,55,random_proj
pittsburg-bridges-MATERIAL,0,56,identity
pittsburg-bridges-MATERIAL,0,57,identity
pittsburg-bridges-MATERIAL,0,58,identity
pittsburg-bridges-MATERIAL,0,59,identity
pittsburg-bridges-MATERIAL,0,60,identity
pittsburg-bridges-MATERIAL,0,61,identity
pittsburg-bridges-MATERIAL,0,62,random_proj
pittsburg-bridges-MATERIAL,0,63,identity
pittsburg-bridges-MATERIAL,0,64,identity
pittsburg-bridges-MATERIAL,0,65,identity
pittsburg-bridges-MATERIAL,0,66,identity
pittsburg-bridges-MATERIAL,0,67,identity
pittsburg-bridges-MATERIAL,0,68,identity
pittsburg-bridges-MATERIAL,0,69,identity
pittsburg-bridges-MATERIAL,0,70,identity
pittsburg-bridges-MATERIAL,0,71,identity
pittsburg-bridges-MATERIAL,0,72,identity
pittsburg-bridges-MATERIAL,0,73,ht_svd
pittsburg-bridges-MATERIAL,0,74,identity
pittsburg-bridges-MATERIAL,0,75,identity
pittsburg-bridges-MATERIAL,0,76,identity
pittsburg-bridges-MATERIAL,0,77,identity
pittsburg-bridges-MATERIAL,0,78,identity
pittsburg-bridges-MATERIAL,0,79,identity
pittsburg-bridges-MATERIAL,0,80,identity
pittsburg-bridges-MATERIAL,0,81,ht_svd
pittsburg-bridges-MATERIAL,0,82,identity
pittsburg-bridges-MATERIAL,0,83,ht_svd
pittsburg-bridges-MATERIAL,0,84,identity
pittsburg-bridges-MATERIAL,0,85,identity
pittsburg-bridges-MATERIAL,0,86,identity
pittsburg-bridges-MATERIAL,0,87,identity
pittsburg-bridges-MATERIAL,0,88,identity
pittsburg-bridges-MATERIAL,0,89,identity
pittsburg-bridges-MATERIAL,0,90,ht_svd
pittsburg-bridges-MATERIAL,0,91,identity
pittsburg-bridges-MATERIAL,0,92,identity
pittsburg-bridges-MATERIAL,0,93,identity
pittsburg-bridges-MATERIAL,0,94,identity
pittsburg-bridges-MATERIAL,0,95,identity
pittsburg-bridges-MATERIAL,0,96,identity
pittsburg-bridges-MATERIAL,0,97,ht_svd
pittsburg-bridges-MATERIAL,0,98,ht_svd
pittsburg-bridges-MATERIAL,0,99,identity
pittsburg-bridges-MATERIAL,1,0,identity
pittsburg-bridges-MATERIAL,1,1,ht_svd
pittsburg-bridges-MATERIAL,1,2,ht_svd
pittsburg-bridges-MATERIAL,1,3,identity
pittsburg-bridges-MATERIAL,1,4,identity
pittsburg-bridges-MATERIAL,1,5,autofeat
pittsburg-bridges-MATERIAL,1,6,autofeat
pittsburg-bridges-MATERIAL,1,7,autofeat
pittsburg-bridges-MATERIAL,1,8,random_proj
pittsburg-bridges-MATERIAL,1,9,autofeat
pittsburg-bridges-MATERIAL,1,10,autofeat
pittsburg-bridges-MATERIAL,1,11,identity
pittsburg-bridges-MATERIAL,1,12,autofeat
pittsburg-bridges-MATERIAL,1,13,identity
pittsburg-bridges-MATERIAL,1,14,identity
pittsburg-bridges-MATERIAL,1,15,identity
pittsburg-bridges-MATERIAL,1,16,identity
pittsburg-bridges-MATERIAL,1,17,ht_svd
pittsburg-bridges-MATERIAL,1,18,autofeat
pittsburg-bridges-MATERIAL,1,19,autofeat
pittsburg-bridges-MATERIAL,1,20,random_proj
pittsburg-bridges-MATERIAL,1,21,random_proj
pittsburg-bridges-MATERIAL,1,22,autofeat
pittsburg-bridges-MATERIAL,1,23,random_proj
pittsburg-bridges-MATERIAL,1,24,random_proj
pittsburg-bridges-MATERIAL,1,25,random_proj
pittsburg-bridges-MATERIAL,1,26,autofeat
pittsburg-bridges-MATERIAL,1,27,ht_svd
pittsburg-bridges-MATERIAL,1,28,ht_svd
pittsburg-bridges-MATERIAL,1,29,ht_svd
pittsburg-bridges-MATERIAL,1,30,ht_svd
pittsburg-bridges-MATERIAL,1,31,autofeat
pittsburg-bridges-MATERIAL,1,32,random_proj
pittsburg-bridges-MATERIAL,1,33,autofeat
pittsburg-bridges-MATERIAL,1,34,random_proj
pittsburg-bridges-MATERIAL,1,35,identity
pittsburg-bridges-MATERIAL,1,36,autofeat
pittsburg-bridges-MATERIAL,1,37,ht_svd
pittsburg-bridges-MATERIAL,1,38,random_proj
pittsburg-bridges-MATERIAL,1,39,autofeat
pittsburg-bridges-MATERIAL,1,40,random_proj
pittsburg-bridges-MATERIAL,1,41,random_proj
pittsburg-bridges-MATERIAL,1,42,random_proj
pittsburg-bridges-MATERIAL,1,43,random_proj
pittsburg-bridges-MATERIAL,1,44,random_proj
pittsburg-bridges-MATERIAL,1,45,random_proj
pittsburg-bridges-MATERIAL,1,46,identity
pittsburg-bridges-MATERIAL,1,47,random_proj
pittsburg-bridges-MATERIAL,1,48,random_proj
pittsburg-bridges-MATERIAL,1,49,random_proj
pittsburg-bridges-MATERIAL,1,50,random_proj
pittsburg-bridges-MATERIAL,1,51,random_proj
pittsburg-bridges-MATERIAL,1,52,identity
pittsburg-bridges-MATERIAL,1,53,random_proj
pittsburg-bridges-MATERIAL,1,54,random_proj
pittsburg-bridges-MATERIAL,1,55,random_proj
pittsburg-bridges-MATERIAL,1,56,identity
pittsburg-bridges-MATERIAL,1,57,identity
pittsburg-bridges-MATERIAL,1,58,ht_svd
pittsburg-bridges-MATERIAL,1,59,random_proj
pittsburg-bridges-MATERIAL,1,60,autofeat
pittsburg-bridges-MATERIAL,1,61,random_proj
pittsburg-bridges-MATERIAL,1,62,ht_svd
pittsburg-bridges-MATERIAL,1,63,random_proj
pittsburg-bridges-MATERIAL,1,64,ht_svd
pittsburg-bridges-MATERIAL,1,65,identity
pittsburg-bridges-MATERIAL,1,66,random_proj
pittsburg-bridges-MATERIAL,1,67,ht_svd
pittsburg-bridges-MATERIAL,1,68,random_proj
pittsburg-bridges-MATERIAL,1,69,random_proj
pittsburg-bridges-MATERIAL,1,70,ht_svd
pittsburg-bridges-MATERIAL,1,71,autofeat
pittsburg-bridges-MATERIAL,1,72,ht_svd
pittsburg-bridges-MATERIAL,1,73,random_proj
pittsburg-bridges-MATERIAL,1,74,autofeat
pittsburg-bridges-MATERIAL,1,75,random_proj
pittsburg-bridges-MATERIAL,1,76,random_proj
pittsburg-bridges-MATERIAL,1,77,identity
pittsburg-bridges-MATERIAL,1,78,random_proj
pittsburg-bridges-MATERIAL,1,79,ht_svd
pittsburg-bridges-MATERIAL,1,80,random_proj
pittsburg-bridges-MATERIAL,1,81,autofeat
pittsburg-bridges-MATERIAL,1,82,random_proj
pittsburg-bridges-MATERIAL,1,83,random_proj
pittsburg-bridges-MATERIAL,1,84,random_proj
pittsburg-bridges-MATERIAL,1,85,random_proj
pittsburg-bridges-MATERIAL,1,86,random_proj
pittsburg-bridges-MATERIAL,1,87,random_proj
pittsburg-bridges-MATERIAL,1,88,random_proj
pittsburg-bridges-MATERIAL,1,89,random_proj
pittsburg-bridges-MATERIAL,1,90,autofeat
pittsburg-bridges-MATERIAL,1,91,identity
pittsburg-bridges-MATERIAL,1,92,ht_svd
pittsburg-bridges-MATERIAL,1,93,random_proj
pittsburg-bridges-MATERIAL,1,94,random_proj
pittsburg-bridges-MATERIAL,1,95,random_proj
pittsburg-bridges-MATERIAL,1,96,random_proj
pittsburg-bridges-MATERIAL,1,97,random_proj
pittsburg-bridges-MATERIAL,1,98,random_proj
pittsburg-bridges-MATERIAL,1,99,random_proj
pittsburg-bridges-MATERIAL,2,0,identity
pittsburg-bridges-MATERIAL,2,1,random_proj
pittsburg-bridges-MATERIAL,2,2,identity
pittsburg-bridges-MATERIAL,2,3,random_proj
pittsburg-bridges-MATERIAL,2,4,autofeat
pittsburg-bridges-MATERIAL,2,5,identity
pittsburg-bridges-MATERIAL,2,6,autofeat
pittsburg-bridges-MATERIAL,2,7,random_proj
pittsburg-bridges-MATERIAL,2,8,identity
pittsburg-bridges-MATERIAL,2,9,identity
pittsburg-bridges-MATERIAL,2,10,identity
pittsburg-bridges-MATERIAL,2,11,identity
pittsburg-bridges-MATERIAL,2,12,autofeat
pittsburg-bridges-MATERIAL,2,13,random_proj
pittsburg-bridges-MATERIAL,2,14,identity
pittsburg-bridges-MATERIAL,2,15,random_proj
pittsburg-bridges-MATERIAL,2,16,identity
pittsburg-bridges-MATERIAL,2,17,random_proj
pittsburg-bridges-MATERIAL,2,18,autofeat
pittsburg-bridges-MATERIAL,2,19,autofeat
pittsburg-bridges-MATERIAL,2,20,identity
pittsburg-bridges-MATERIAL,2,21,identity
pittsburg-bridges-MATERIAL,2,22,autofeat
pittsburg-bridges-MATERIAL,2,23,autofeat
pittsburg-bridges-MATERIAL,2,24,identity
pittsburg-bridges-MATERIAL,2,25,autofeat
pittsburg-bridges-MATERIAL,2,26,identity
pittsburg-bridges-MATERIAL,2,27,autofeat
pittsburg-bridges-MATERIAL,2,28,random_proj
pittsburg-bridges-MATERIAL,2,29,identity
pittsburg-bridges-MATERIAL,2,30,autofeat
pittsburg-bridges-MATERIAL,2,31,autofeat
pittsburg-bridges-MATERIAL,2,32,autofeat
pittsburg-bridges-MATERIAL,2,33,autofeat
pittsburg-bridges-MATERIAL,2,34,autofeat
pittsburg-bridges-MATERIAL,2,35,identity
pittsburg-bridges-MATERIAL,2,36,autofeat
pittsburg-bridges-MATERIAL,2,37,autofeat
pittsburg-bridges-MATERIAL,2,38,identity
pittsburg-bridges-MATERIAL,2,39,autofeat
pittsburg-bridges-MATERIAL,2,40,identity
pittsburg-bridges-MATERIAL,2,41,autofeat
pittsburg-bridges-MATERIAL,2,42,identity
pittsburg-bridges-MATERIAL,2,43,autofeat
pittsburg-bridges-MATERIAL,2,44,identity
pittsburg-bridges-MATERIAL,2,45,identity
pittsburg-bridges-MATERIAL,2,46,autofeat
pittsburg-bridges-MATERIAL,2,47,identity
pittsburg-bridges-MATERIAL,2,48,identity
pittsburg-bridges-MATERIAL,2,49,autofeat
pittsburg-bridges-MATERIAL,2,50,autofeat
pittsburg-bridges-MATERIAL,2,51,identity
pittsburg-bridges-MATERIAL,2,52,autofeat
pittsburg-bridges-MATERIAL,2,53,identity
pittsburg-bridges-MATERIAL,2,54,identity
pittsburg-bridges-MATERIAL,2,55,identity
pittsburg-bridges-MATERIAL,2,56,identity
pittsburg-bridges-MATERIAL,2,57,autofeat
pittsburg-bridges-MATERIAL,2,58,autofeat
pittsburg-bridges-MATERIAL,2,59,autofeat
pittsburg-bridges-MATERIAL,2,60,identity
pittsburg-bridges-MATERIAL,2,61,identity
pittsburg-bridges-MATERIAL,2,62,identity
pittsburg-bridges-MATERIAL,2,63,autofeat
pittsburg-bridges-MATERIAL,2,64,autofeat
pittsburg-bridges-MATERIAL,2,65,autofeat
pittsburg-bridges-MATERIAL,2,66,identity
pittsburg-bridges-MATERIAL,2,67,autofeat
pittsburg-bridges-MATERIAL,2,68,identity
pittsburg-bridges-MATERIAL,2,69,identity
pittsburg-bridges-MATERIAL,2,70,identity
pittsburg-bridges-MATERIAL,2,71,autofeat
pittsburg-bridges-MATERIAL,2,72,autofeat
pittsburg-bridges-MATERIAL,2,73,identity
pittsburg-bridges-MATERIAL,2,74,autofeat
pittsburg-bridges-MATERIAL,2,75,identity
pittsburg-bridges-MATERIAL,2,76,identity
pittsburg-bridges-MATERIAL,2,77,identity
pittsburg-bridges-MATERIAL,2,78,identity
pittsburg-bridges-MATERIAL,2,79,autofeat
pittsburg-bridges-MATERIAL,2,80,autofeat
pittsburg-bridges-MATERIAL,2,81,autofeat
pittsburg-bridges-MATERIAL,2,82,identity
pittsburg-bridges-MATERIAL,2,83,identity
pittsburg-bridges-MATERIAL,2,84,identity
pittsburg-bridges-MATERIAL,2,85,identity
pittsburg-bridges-MATERIAL,2,86,identity
pittsburg-bridges-MATERIAL,2,87,identity
pittsburg-bridges-MATERIAL,2,88,identity
pittsburg-bridges-MATERIAL,2,89,identity
pittsburg-bridges-MATERIAL,2,90,identity
pittsburg-bridges-MATERIAL,2,91,identity
pittsburg-bridges-MATERIAL,2,92,identity
pittsburg-bridges-MATERIAL,2,93,identity
pittsburg-bridges-MATERIAL,2,94,identity
pittsburg-bridges-MATERIAL,2,95,autofeat
pittsburg-bridges-MATERIAL,2,96,identity
pittsburg-bridges-MATERIAL,2,97,identity
pittsburg-bridges-MATERIAL,2,98,identity
pittsburg-bridges-MATERIAL,2,99,identity
pittsburg-bridges-MATERIAL,3,0,identity
pittsburg-bridges-MATERIAL,3,1,random_proj
pittsburg-bridges-MATERIAL,3,2,identity
pittsburg-bridges-MATERIAL,3,3,identity
pittsburg-bridges-MATERIAL,3,4,identity
pittsburg-bridges-MATERIAL,3,5,identity
pittsburg-bridges-MATERIAL,3,6,identity
pittsburg-bridges-MATERIAL,3,7,random_proj
pittsburg-bridges-MATERIAL,3,8,identity
pittsburg-bridges-MATERIAL,3,9,identity
pittsburg-bridges-MATERIAL,3,10,identity
pittsburg-bridges-MATERIAL,3,11,random_proj
pittsburg-bridges-MATERIAL,3,12,identity
pittsburg-bridges-MATERIAL,3,13,identity
pittsburg-bridges-MATERIAL,3,14,identity
pittsburg-bridges-MATERIAL,3,15,ht_svd
pittsburg-bridges-MATERIAL,3,16,identity
pittsburg-bridges-MATERIAL,3,17,random_proj
pittsburg-bridges-MATERIAL,3,18,ht_svd
pittsburg-bridges-MATERIAL,3,19,random_proj
pittsburg-bridges-MATERIAL,3,20,random_proj
pittsburg-bridges-MATERIAL,3,21,ht_svd
pittsburg-bridges-MATERIAL,3,22,ht_svd
pittsburg-bridges-MATERIAL,3,23,random_proj
pittsburg-bridges-MATERIAL,3,24,identity
pittsburg-bridges-MATERIAL,3,25,identity
pittsburg-bridges-MATERIAL,3,26,ht_svd
pittsburg-bridges-MATERIAL,3,27,ht_svd
pittsburg-bridges-MATERIAL,3,28,identity
pittsburg-bridges-MATERIAL,3,29,random_proj
pittsburg-bridges-MATERIAL,3,30,identity
pittsburg-bridges-MATERIAL,3,31,identity
pittsburg-bridges-MATERIAL,3,32,random_proj
pittsburg-bridges-MATERIAL,3,33,identity
pittsburg-bridges-MATERIAL,3,34,identity
pittsburg-bridges-MATERIAL,3,35,ht_svd
pittsburg-bridges-MATERIAL,3,36,identity
pittsburg-bridges-MATERIAL,3,37,identity
pittsburg-bridges-MATERIAL,3,38,identity
pittsburg-bridges-MATERIAL,3,39,ht_svd
pittsburg-bridges-MATERIAL,3,40,identity
pittsburg-bridges-MATERIAL,3,41,identity
pittsburg-bridges-MATERIAL,3,42,identity
pittsburg-bridges-MATERIAL,3,43,identity
pittsburg-bridges-MATERIAL,3,44,identity
pittsburg-bridges-MATERIAL,3,45,identity
pittsburg-bridges-MATERIAL,3,46,identity
pittsburg-bridges-MATERIAL,3,47,identity
pittsburg-bridges-MATERIAL,3,48,identity
pittsburg-bridges-MATERIAL,3,49,identity
pittsburg-bridges-MATERIAL,3,50,random_proj
pittsburg-bridges-MATERIAL,3,51,identity
pittsburg-bridges-MATERIAL,3,52,identity
pittsburg-bridges-MATERIAL,3,53,identity
pittsburg-bridges-MATERIAL,3,54,identity
pittsburg-bridges-MATERIAL,3,55,identity
pittsburg-bridges-MATERIAL,3,56,identity
pittsburg-bridges-MATERIAL,3,57,identity
pittsburg-bridges-MATERIAL,3,58,identity
pittsburg-bridges-MATERIAL,3,59,identity
pittsburg-bridges-MATERIAL,3,60,ht_svd
pittsburg-bridges-MATERIAL,3,61,identity
pittsburg-bridges-MATERIAL,3,62,identity
pittsburg-bridges-MATERIAL,3,63,identity
pittsburg-bridges-MATERIAL,3,64,ht_svd
pittsburg-bridges-MATERIAL,3,65,identity
pittsburg-bridges-MATERIAL,3,66,ht_svd
pittsburg-bridges-MATERIAL,3,67,identity
pittsburg-bridges-MATERIAL,3,68,identity
pittsburg-bridges-MATERIAL,3,69,ht_svd
pittsburg-bridges-MATERIAL,3,70,identity
pittsburg-bridges-MATERIAL,3,71,random_proj
pittsburg-bridges-MATERIAL,3,72,identity
pittsburg-bridges-MATERIAL,3,73,identity
pittsburg-bridges-MATERIAL,3,74,identity
pittsburg-bridges-MATERIAL,3,75,ht_svd
pittsburg-bridges-MATERIAL,3,76,ht_svd
pittsburg-bridges-MATERIAL,3,77,identity
pittsburg-bridges-MATERIAL,3,78,identity
pittsburg-bridges-MATERIAL,3,79,ht_svd
pittsburg-bridges-MATERIAL,3,80,random_proj
pittsburg-bridges-MATERIAL,3,81,identity
pittsburg-bridges-MATERIAL,3,82,identity
pittsburg-bridges-MATERIAL,3,83,identity
pittsburg-bridges-MATERIAL,3,84,identity
pittsburg-bridges-MATERIAL,3,85,identity
pittsburg-bridges-MATERIAL,3,86,random_proj
pittsburg-bridges-MATERIAL,3,87,identity
pittsburg-bridges-MATERIAL,3,88,identity
pittsburg-bridges-MATERIAL,3,89,identity
pittsburg-bridges-MATERIAL,3,90,identity
pittsburg-bridges-MATERIAL,3,91,identity
pittsburg-bridges-MATERIAL,3,92,identity
pittsburg-bridges-MATERIAL,3,93,ht_svd
pittsburg-bridges-MATERIAL,3,94,identity
pittsburg-bridges-MATERIAL,3,95,identity
pittsburg-bridges-MATERIAL,3,96,identity
pittsburg-bridges-MATERIAL,3,97,identity
pittsburg-bridges-MATERIAL,3,98,ht_svd
pittsburg-bridges-MATERIAL,3,99,identity
pittsburg-bridges-TYPE,0,0,autofeat
pittsburg-bridges-TYPE,0,1,autofeat
pittsburg-bridges-TYPE,0,2,autofeat
pittsburg-bridges-TYPE,0,3,identity
pittsburg-bridges-TYPE,0,4,ht_svd
pittsburg-bridges-TYPE,0,5,random_proj
pittsburg-bridges-TYPE,0,6,autofeat
pittsburg-bridges-TYPE,0,7,ht_svd
pittsburg-bridges-TYPE,0,8,random_proj
pittsburg-bridges-TYPE,0,9,autofeat
pittsburg-bridges-TYPE,0,10,autofeat
pittsburg-bridges-TYPE,0,11,autofeat
pittsburg-bridges-TYPE,0,12,random_proj
pittsburg-bridges-TYPE,0,13,identity
pittsburg-bridges-TYPE,0,14,autofeat
pittsburg-bridges-TYPE,0,15,ht_svd
pittsburg-bridges-TYPE,0,16,ht_svd
pittsburg-bridges-TYPE,0,17,autofeat
pittsburg-bridges-TYPE,0,18,identity
pittsburg-bridges-TYPE,0,19,random_proj
pittsburg-bridges-TYPE,0,20,autofeat
pittsburg-bridges-TYPE,0,21,autofeat
pittsburg-bridges-TYPE,0,22,identity
pittsburg-bridges-TYPE,0,23,ht_svd
pittsburg-bridges-TYPE,0,24,autofeat
pittsburg-bridges-TYPE,0,25,ht_svd
pittsburg-bridges-TYPE,0,26,autofeat
pittsburg-bridges-TYPE,0,27,random_proj
pittsburg-bridges-TYPE,0,28,random_proj
pittsburg-bridges-TYPE,0,29,random_proj
pittsburg-bridges-TYPE,0,30,ht_svd
pittsburg-bridges-TYPE,0,31,identity
pittsburg-bridges-TYPE,0,32,identity
pittsburg-bridges-TYPE,0,33,autofeat
pittsburg-bridges-TYPE,0,34,ht_svd
pittsburg-bridges-TYPE,0,35,ht_svd
pittsburg-bridges-TYPE,0,36,random_proj
pittsburg-bridges-TYPE,0,37,random_proj
pittsburg-bridges-TYPE,0,38,random_proj
pittsburg-bridges-TYPE,0,39,identity
pittsburg-bridges-TYPE,0,40,identity
pittsburg-bridges-TYPE,0,41,ht_svd
pittsburg-bridges-TYPE,0,42,identity
pittsburg-bridges-TYPE,0,43,autofeat
pittsburg-bridges-TYPE,0,44,random_proj
pittsburg-bridges-TYPE,0,45,identity
pittsburg-bridges-TYPE,0,46,random_proj
pittsburg-bridges-TYPE,0,47,autofeat
pittsburg-bridges-TYPE,0,48,identity
pittsburg-bridges-TYPE,0,49,ht_svd
pittsburg-bridges-TYPE,0,50,ht_svd
pittsburg-bridges-TYPE,0,51,random_proj
pittsburg-bridges-TYPE,0,52,identity
pittsburg-bridges-TYPE,0,53,identity
pittsburg-bridges-TYPE,0,54,autofeat
pittsburg-bridges-TYPE,0,55,random_proj
pittsburg-bridges-TYPE,0,56,autofeat
pittsburg-bridges-TYPE,0,57,ht_svd
pittsburg-bridges-TYPE,0,58,identity
pittsburg-bridges-TYPE,0,59,autofeat
pittsburg-bridges-TYPE,0,60,ht_svd
pittsburg-bridges-TYPE,0,61,identity
pittsburg-bridges-TYPE,0,62,identity
pittsburg-bridges-TYPE,0,63,identity
pittsburg-bridges-TYPE,0,64,random_proj
pittsburg-bridges-TYPE,0,65,random_proj
pittsburg-bridges-TYPE,0,66,identity
pittsburg-bridges-TYPE,0,67,autofeat
pittsburg-bridges-TYPE,0,68,identity
pittsburg-bridges-TYPE,0,69,identity
pittsburg-bridges-TYPE,0,70,autofeat
pittsburg-bridges-TYPE,0,71,identity
pittsburg-bridges-TYPE,0,72,ht_svd
pittsburg-bridges-TYPE,0,73,ht_svd
pittsburg-bridges-TYPE,0,74,identity
pittsburg-bridges-TYPE,0,75,identity
pittsburg-bridges-TYPE,0,76,random_proj
pittsburg-bridges-TYPE,0,77,ht_svd
pittsburg-bridges-TYPE,0,78,identity
pittsburg-bridges-TYPE,0,79,ht_svd
pittsburg-bridges-TYPE,0,80,random_proj
pittsburg-bridges-TYPE,0,81,random_proj
pittsburg-bridges-TYPE,0,82,random_proj
pittsburg-bridges-TYPE,0,83,random_proj
pittsburg-bridges-TYPE,0,84,ht_svd
pittsburg-bridges-TYPE,0,85,random_proj
pittsburg-bridges-TYPE,0,86,identity
pittsburg-bridges-TYPE,0,87,random_proj
pittsburg-bridges-TYPE,0,88,random_proj
pittsburg-bridges-TYPE,0,89,ht_svd
pittsburg-bridges-TYPE,0,90,identity
pittsburg-bridges-TYPE,0,91,ht_svd
pittsburg-bridges-TYPE,0,92,random_proj
pittsburg-bridges-TYPE,0,93,random_proj
pittsburg-bridges-TYPE,0,94,ht_svd
pittsburg-bridges-TYPE,0,95,identity
pittsburg-bridges-TYPE,0,96,random_proj
pittsburg-bridges-TYPE,0,97,ht_svd
pittsburg-bridges-TYPE,0,98,autofeat
pittsburg-bridges-TYPE,0,99,ht_svd
pittsburg-bridges-TYPE,1,0,identity
pittsburg-bridges-TYPE,1,1,identity
pittsburg-bridges-TYPE,1,2,ht_svd
pittsburg-bridges-TYPE,1,3,autofeat
pittsburg-bridges-TYPE,1,4,random_proj
pittsburg-bridges-TYPE,1,5,random_proj
pittsburg-bridges-TYPE,1,6,random_proj
pittsburg-bridges-TYPE,1,7,random_proj
pittsburg-bridges-TYPE,1,8,ht_svd
pittsburg-bridges-TYPE,1,9,ht_svd
pittsburg-bridges-TYPE,1,10,identity
pittsburg-bridges-TYPE,1,11,autofeat
pittsburg-bridges-TYPE,1,12,ht_svd
pittsburg-bridges-TYPE,1,13,autofeat
pittsburg-bridges-TYPE,1,14,autofeat
pittsburg-bridges-TYPE,1,15,autofeat
pittsburg-bridges-TYPE,1,16,random_proj
pittsburg-bridges-TYPE,1,17,random_proj
pittsburg-bridges-TYPE,1,18,identity
pittsburg-bridges-TYPE,1,19,random_proj
pittsburg-bridges-TYPE,1,20,autofeat
pittsburg-bridges-TYPE,1,21,random_proj
pittsburg-bridges-TYPE,1,22,ht_svd
pittsburg-bridges-TYPE,1,23,identity
pittsburg-bridges-TYPE,1,24,autofeat
pittsburg-bridges-TYPE,1,25,autofeat
pittsburg-bridges-TYPE,1,26,random_proj
pittsburg-bridges-TYPE,1,27,autofeat
pittsburg-bridges-TYPE,1,28,random_proj
pittsburg-bridges-TYPE,1,29,autofeat
pittsburg-bridges-TYPE,1,30,identity
pittsburg-bridges-TYPE,1,31,ht_svd
pittsburg-bridges-TYPE,1,32,identity
pittsburg-bridges-TYPE,1,33,random_proj
pittsburg-bridges-TYPE,1,34,random_proj
pittsburg-bridges-TYPE,1,35,ht_svd
pittsburg-bridges-TYPE,1,36,identity
pittsburg-bridges-TYPE,1,37,autofeat
pittsburg-bridges-TYPE,1,38,identity
pittsburg-bridges-TYPE,1,39,identity
pittsburg-bridges-TYPE,1,40,random_proj
pittsburg-bridges-TYPE,1,41,random_proj
pittsburg-bridges-TYPE,1,42,identity
pittsburg-bridges-TYPE,1,43,identity
pittsburg-bridges-TYPE,1,44,identity
pittsburg-bridges-TYPE,1,45,ht_svd
pittsburg-bridges-TYPE,1,46,random_proj
pittsburg-bridges-TYPE,1,47,ht_svd
pittsburg-bridges-TYPE,1,48,identity
pittsburg-bridges-TYPE,1,49,identity
pittsburg-bridges-TYPE,1,50,random_proj
pittsburg-bridges-TYPE,1,51,random_proj
pittsburg-bridges-TYPE,1,52,identity
pittsburg-bridges-TYPE,1,53,identity
pittsburg-bridges-TYPE,1,54,ht_svd
pittsburg-bridges-TYPE,1,55,ht_svd
pittsburg-bridges-TYPE,1,56,identity
pittsburg-bridges-TYPE,1,57,random_proj
pittsburg-bridges-TYPE,1,58,ht_svd
pittsburg-bridges-TYPE,1,59,autofeat
pittsburg-bridges-TYPE,1,60,identity
pittsburg-bridges-TYPE,1,61,identity
pittsburg-bridges-TYPE,1,62,random_proj
pittsburg-bridges-TYPE,1,63,identity
pittsburg-bridges-TYPE,1,64,ht_svd
pittsburg-bridges-TYPE,1,65,identity
pittsburg-bridges-TYPE,1,66,ht_svd
pittsburg-bridges-TYPE,1,67,ht_svd
pittsburg-bridges-TYPE,1,68,identity
pittsburg-bridges-TYPE,1,69,random_proj
pittsburg-bridges-TYPE,1,70,ht_svd
pittsburg-bridges-TYPE,1,71,identity
pittsburg-bridges-TYPE,1,72,random_proj
pittsburg-bridges-TYPE,1,73,ht_svd
pittsburg-bridges-TYPE,1,74,random_proj
pittsburg-bridges-TYPE,1,75,random_proj
pittsburg-bridges-TYPE,1,76,ht_svd
pittsburg-bridges-TYPE,1,77,random_proj
pittsburg-bridges-TYPE,1,78,ht_svd
pittsburg-bridges-TYPE,1,79,identity
pittsburg-bridges-TYPE,1,80,ht_svd
pittsburg-bridges-TYPE,1,81,random_proj
pittsburg-bridges-TYPE,1,82,ht_svd
pittsburg-bridges-TYPE,1,83,random_proj
pittsburg-bridges-TYPE,1,84,identity
pittsburg-bridges-TYPE,1,85,random_proj
pittsburg-bridges-TYPE,1,86,ht_svd
pittsburg-bridges-TYPE,1,87,identity
pittsburg-bridges-TYPE,1,88,identity
pittsburg-bridges-TYPE,1,89,random_proj
pittsburg-bridges-TYPE,1,90,random_proj
pittsburg-bridges-TYPE,1,91,random_proj
pittsburg-bridges-TYPE,1,92,identity
pittsburg-bridges-TYPE,1,93,ht_svd
pittsburg-bridges-TYPE,1,94,ht_svd
pittsburg-bridges-TYPE,1,95,random_proj
pittsburg-bridges-TYPE,1,96,ht_svd
pittsburg-bridges-TYPE,1,97,ht_svd
pittsburg-bridges-TYPE,1,98,random_proj
pittsburg-bridges-TYPE,1,99,ht_svd
pittsburg-bridges-TYPE,2,0,identity
pittsburg-bridges-TYPE,2,1,autofeat
pittsburg-bridges-TYPE,2,2,identity
pittsburg-bridges-TYPE,2,3,ht_svd
pittsburg-bridges-TYPE,2,4,random_proj
pittsburg-bridges-TYPE,2,5,random_proj
pittsburg-bridges-TYPE,2,6,random_proj
pittsburg-bridges-TYPE,2,7,ht_svd
pittsburg-bridges-TYPE,2,8,identity
pittsburg-bridges-TYPE,2,9,identity
pittsburg-bridges-TYPE,2,10,autofeat
pittsburg-bridges-TYPE,2,11,ht_svd
pittsburg-bridges-TYPE,2,12,identity
pittsburg-bridges-TYPE,2,13,identity
pittsburg-bridges-TYPE,2,14,ht_svd
pittsburg-bridges-TYPE,2,15,ht_svd
pittsburg-bridges-TYPE,2,16,ht_svd
pittsburg-bridges-TYPE,2,17,ht_svd
pittsburg-bridges-TYPE,2,18,autofeat
pittsburg-bridges-TYPE,2,19,identity
pittsburg-bridges-TYPE,2,20,ht_svd
pittsburg-bridges-TYPE,2,21,random_proj
pittsburg-bridges-TYPE,2,22,ht_svd
pittsburg-bridges-TYPE,2,23,random_proj
pittsburg-bridges-TYPE,2,24,random_proj
pittsburg-bridges-TYPE,2,25,ht_svd
pittsburg-bridges-TYPE,2,26,ht_svd
pittsburg-bridges-TYPE,2,27,ht_svd
pittsburg-bridges-TYPE,2,28,ht_svd
pittsburg-bridges-TYPE,2,29,ht_svd
pittsburg-bridges-TYPE,2,30,random_proj
pittsburg-bridges-TYPE,2,31,random_proj
pittsburg-bridges-TYPE,2,32,ht_svd
pittsburg-bridges-TYPE,2,33,identity
pittsburg-bridges-TYPE,2,34,identity
pittsburg-bridges-TYPE,2,35,random_proj
pittsburg-bridges-TYPE,2,36,autofeat
pittsburg-bridges-TYPE,2,37,ht_svd
pittsburg-bridges-TYPE,2,38,random_proj
pittsburg-bridges-TYPE,2,39,ht_svd
pittsburg-bridges-TYPE,2,40,random_proj
pittsburg-bridges-TYPE,2,41,random_proj
pittsburg-bridges-TYPE,2,42,ht_svd
pittsburg-bridges-TYPE,2,43,ht_svd
pittsburg-bridges-TYPE,2,44,ht_svd
pittsburg-bridges-TYPE,2,45,ht_svd
pittsburg-bridges-TYPE,2,46,ht_svd
pittsburg-bridges-TYPE,2,47,ht_svd
pittsburg-bridges-TYPE,2,48,ht_svd
pittsburg-bridges-TYPE,2,49,ht_svd
pittsburg-bridges-TYPE,2,50,ht_svd
pittsburg-bridges-TYPE,2,51,ht_svd
pittsburg-bridges-TYPE,2,52,ht_svd
pittsburg-bridges-TYPE,2,53,ht_svd
pittsburg-bridges-TYPE,2,54,ht_svd
pittsburg-bridges-TYPE,2,55,ht_svd
pittsburg-bridges-TYPE,2,56,ht_svd
pittsburg-bridges-TYPE,2,57,autofeat
pittsburg-bridges-TYPE,2,58,ht_svd
pittsburg-bridges-TYPE,2,59,ht_svd
pittsburg-bridges-TYPE,2,60,ht_svd
pittsburg-bridges-TYPE,2,61,ht_svd
pittsburg-bridges-TYPE,2,62,ht_svd
pittsburg-bridges-TYPE,2,63,ht_svd
pittsburg-bridges-TYPE,2,64,autofeat
pittsburg-bridges-TYPE,2,65,random_proj
pittsburg-bridges-TYPE,2,66,ht_svd
pittsburg-bridges-TYPE,2,67,autofeat
pittsburg-bridges-TYPE,2,68,ht_svd
pittsburg-bridges-TYPE,2,69,ht_svd
pittsburg-bridges-TYPE,2,70,ht_svd
pittsburg-bridges-TYPE,2,71,ht_svd
pittsburg-bridges-TYPE,2,72,ht_svd
pittsburg-bridges-TYPE,2,73,autofeat
pittsburg-bridges-TYPE,2,74,random_proj
pittsburg-bridges-TYPE,2,75,ht_svd
pittsburg-bridges-TYPE,2,76,ht_svd
pittsburg-bridges-TYPE,2,77,ht_svd
pittsburg-bridges-TYPE,2,78,ht_svd
pittsburg-bridges-TYPE,2,79,ht_svd
pittsburg-bridges-TYPE,2,80,ht_svd
pittsburg-bridges-TYPE,2,81,ht_svd
pittsburg-bridges-TYPE,2,82,ht_svd
pittsburg-bridges-TYPE,2,83,identity
pittsburg-bridges-TYPE,2,84,ht_svd
pittsburg-bridges-TYPE,2,85,ht_svd
pittsburg-bridges-TYPE,2,86,ht_svd
pittsburg-bridges-TYPE,2,87,random_proj
pittsburg-bridges-TYPE,2,88,ht_svd
pittsburg-bridges-TYPE,2,89,random_proj
pittsburg-bridges-TYPE,2,90,ht_svd
pittsburg-bridges-TYPE,2,91,ht_svd
pittsburg-bridges-TYPE,2,92,ht_svd
pittsburg-bridges-TYPE,2,93,ht_svd
pittsburg-bridges-TYPE,2,94,ht_svd
pittsburg-bridges-TYPE,2,95,ht_svd
pittsburg-bridges-TYPE,2,96,ht_svd
pittsburg-bridges-TYPE,2,97,ht_svd
pittsburg-bridges-TYPE,2,98,ht_svd
pittsburg-bridges-TYPE,2,99,ht_svd
pittsburg-bridges-TYPE,3,0,ht_svd
pittsburg-bridges-TYPE,3,1,identity
pittsburg-bridges-TYPE,3,2,identity
pittsburg-bridges-TYPE,3,3,identity
pittsburg-bridges-TYPE,3,4,ht_svd
pittsburg-bridges-TYPE,3,5,identity
pittsburg-bridges-TYPE,3,6,ht_svd
pittsburg-bridges-TYPE,3,7,ht_svd
pittsburg-bridges-TYPE,3,8,ht_svd
pittsburg-bridges-TYPE,3,9,ht_svd
pittsburg-bridges-TYPE,3,10,identity
pittsburg-bridges-TYPE,3,11,random_proj
pittsburg-bridges-TYPE,3,12,ht_svd
pittsburg-bridges-TYPE,3,13,ht_svd
pittsburg-bridges-TYPE,3,14,ht_svd
pittsburg-bridges-TYPE,3,15,ht_svd
pittsburg-bridges-TYPE,3,16,identity
pittsburg-bridges-TYPE,3,17,ht_svd
pittsburg-bridges-TYPE,3,18,ht_svd
pittsburg-bridges-TYPE,3,19,ht_svd
pittsburg-bridges-TYPE,3,20,ht_svd
pittsburg-bridges-TYPE,3,21,ht_svd
pittsburg-bridges-TYPE,3,22,identity
pittsburg-bridges-TYPE,3,23,ht_svd
pittsburg-bridges-TYPE,3,24,autofeat
pittsburg-bridges-TYPE,3,25,ht_svd
pittsburg-bridges-TYPE,3,26,ht_svd
pittsburg-bridges-TYPE,3,27,ht_svd
pittsburg-bridges-TYPE,3,28,ht_svd
pittsburg-bridges-TYPE,3,29,ht_svd
pittsburg-bridges-TYPE,3,30,ht_svd
pittsburg-bridges-TYPE,3,31,ht_svd
pittsburg-bridges-TYPE,3,32,random_proj
pittsburg-bridges-TYPE,3,33,autofeat
pittsburg-bridges-TYPE,3,34,ht_svd
pittsburg-bridges-TYPE,3,35,autofeat
pittsburg-bridges-TYPE,3,36,random_proj
pittsburg-bridges-TYPE,3,37,random_proj
pittsburg-bridges-TYPE,3,38,ht_svd
pittsburg-bridges-TYPE,3,39,identity
pittsburg-bridges-TYPE,3,40,ht_svd
pittsburg-bridges-TYPE,3,41,ht_svd
pittsburg-bridges-TYPE,3,42,autofeat
pittsburg-bridges-TYPE,3,43,identity
pittsburg-bridges-TYPE,3,44,autofeat
pittsburg-bridges-TYPE,3,45,ht_svd
pittsburg-bridges-TYPE,3,46,autofeat
pittsburg-bridges-TYPE,3,47,ht_svd
pittsburg-bridges-TYPE,3,48,ht_svd
pittsburg-bridges-TYPE,3,49,identity
pittsburg-bridges-TYPE,3,50,ht_svd
pittsburg-bridges-TYPE,3,51,ht_svd
pittsburg-bridges-TYPE,3,52,ht_svd
pittsburg-bridges-TYPE,3,53,ht_svd
pittsburg-bridges-TYPE,3,54,random_proj
pittsburg-bridges-TYPE,3,55,ht_svd
pittsburg-bridges-TYPE,3,56,ht_svd
pittsburg-bridges-TYPE,3,57,ht_svd
pittsburg-bridges-TYPE,3,58,autofeat
pittsburg-bridges-TYPE,3,59,ht_svd
pittsburg-bridges-TYPE,3,60,ht_svd
pittsburg-bridges-TYPE,3,61,ht_svd
pittsburg-bridges-TYPE,3,62,ht_svd
pittsburg-bridges-TYPE,3,63,ht_svd
pittsburg-bridges-TYPE,3,64,ht_svd
pittsburg-bridges-TYPE,3,65,autofeat
pittsburg-bridges-TYPE,3,66,identity
pittsburg-bridges-TYPE,3,67,ht_svd
pittsburg-bridges-TYPE,3,68,ht_svd
pittsburg-bridges-TYPE,3,69,ht_svd
pittsburg-bridges-TYPE,3,70,ht_svd
pittsburg-bridges-TYPE,3,71,ht_svd
pittsburg-bridges-TYPE,3,72,ht_svd
pittsburg-bridges-TYPE,3,73,identity
pittsburg-bridges-TYPE,3,74,autofeat
pittsburg-bridges-TYPE,3,75,ht_svd
pittsburg-bridges-TYPE,3,76,autofeat
pittsburg-bridges-TYPE,3,77,random_proj
pittsburg-bridges-TYPE,3,78,ht_svd
pittsburg-bridges-TYPE,3,79,random_proj
pittsburg-bridges-TYPE,3,80,identity
pittsburg-bridges-TYPE,3,81,ht_svd
pittsburg-bridges-TYPE,3,82,ht_svd
pittsburg-bridges-TYPE,3,83,autofeat
pittsburg-bridges-TYPE,3,84,ht_svd
pittsburg-bridges-TYPE,3,85,identity
pittsburg-bridges-TYPE,3,86,identity
pittsburg-bridges-TYPE,3,87,ht_svd
pittsburg-bridges-TYPE,3,88,ht_svd
pittsburg-bridges-TYPE,3,89,ht_svd
pittsburg-bridges-TYPE,3,90,ht_svd
pittsburg-bridges-TYPE,3,91,ht_svd
pittsburg-bridges-TYPE,3,92,ht_svd
pittsburg-bridges-TYPE,3,93,ht_svd
pittsburg-bridges-TYPE,3,94,ht_svd
pittsburg-bridges-TYPE,3,95,ht_svd
pittsburg-bridges-TYPE,3,96,ht_svd
pittsburg-bridges-TYPE,3,97,identity
pittsburg-bridges-TYPE,3,98,autofeat
pittsburg-bridges-TYPE,3,99,identity
conn-bench-sonar-mines-rocks,0,0,ht_svd
conn-bench-sonar-mines-rocks,0,1,identity
conn-bench-sonar-mines-rocks,0,2,ht_svd
conn-bench-sonar-mines-rocks,0,3,ht_svd
conn-bench-sonar-mines-rocks,0,4,random_proj
conn-bench-sonar-mines-rocks,0,5,random_proj
conn-bench-sonar-mines-rocks,0,6,ht_svd
conn-bench-sonar-mines-rocks,0,7,autofeat
conn-bench-sonar-mines-rocks,0,8,autofeat
conn-bench-sonar-mines-rocks,0,9,random_proj
conn-bench-sonar-mines-rocks,0,10,identity
conn-bench-sonar-mines-rocks,0,11,autofeat
conn-bench-sonar-mines-rocks,0,12,identity
conn-bench-sonar-mines-rocks,0,13,ht_svd
conn-bench-sonar-mines-rocks,0,14,identity
conn-bench-sonar-mines-rocks,0,15,autofeat
conn-bench-sonar-mines-rocks,0,16,autofeat
conn-bench-sonar-mines-rocks,0,17,identity
conn-bench-sonar-mines-rocks,0,18,identity
conn-bench-sonar-mines-rocks,0,19,autofeat
conn-bench-sonar-mines-rocks,0,20,identity
conn-bench-sonar-mines-rocks,0,21,ht_svd
conn-bench-sonar-mines-rocks,0,22,identity
conn-bench-sonar-mines-rocks,0,23,identity
conn-bench-sonar-mines-rocks,0,24,autofeat
conn-bench-sonar-mines-rocks,0,25,identity
conn-bench-sonar-mines-rocks,0,26,autofeat
conn-bench-sonar-mines-rocks,0,27,identity
conn-bench-sonar-mines-rocks,0,28,ht_svd
conn-bench-sonar-mines-rocks,0,29,ht_svd
conn-bench-sonar-mines-rocks,0,30,ht_svd
conn-bench-sonar-mines-rocks,0,31,autofeat
conn-bench-sonar-mines-rocks,0,32,autofeat
conn-bench-sonar-mines-rocks,0,33,autofeat
conn-bench-sonar-mines-rocks,0,34,identity
conn-bench-sonar-mines-rocks,0,35,random_proj
conn-bench-sonar-mines-rocks,0,36,identity
conn-bench-sonar-mines-rocks,0,37,ht_svd
conn-bench-sonar-mines-rocks,0,38,identity
conn-bench-sonar-mines-rocks,0,39,ht_svd
conn-bench-sonar-mines-rocks,0,40,autofeat
conn-bench-sonar-mines-rocks,0,41,identity
conn-bench-sonar-mines-rocks,0,42,identity
conn-bench-sonar-mines-rocks,0,43,identity
conn-bench-sonar-mines-rocks,0,44,identity
conn-bench-sonar-mines-rocks,0,45,autofeat
conn-bench-sonar-mines-rocks,0,46,random_proj
conn-bench-sonar-mines-rocks,0,47,random_proj
conn-bench-sonar-mines-rocks,0,48,ht_svd
conn-bench-sonar-mines-rocks,0,49,autofeat
conn-bench-sonar-mines-rocks,0,50,random_proj
conn-bench-sonar-mines-rocks,0,51,random_proj
conn-bench-sonar-mines-rocks,0,52,random_proj
conn-bench-sonar-mines-rocks,0,53,identity
conn-bench-sonar-mines-rocks,0,54,identity
conn-bench-sonar-mines-rocks,0,55,identity
conn-bench-sonar-mines-rocks,0,56,ht_svd
conn-bench-sonar-mines-rocks,0,57,identity
conn-bench-sonar-mines-rocks,0,58,random_proj
conn-bench-sonar-mines-rocks,0,59,identity
conn-bench-sonar-mines-rocks,0,60,random_proj
conn-bench-sonar-mines-rocks,0,61,identity
conn-bench-sonar-mines-rocks,0,62,identity
conn-bench-sonar-mines-rocks,0,63,ht_svd
conn-bench-sonar-mines-rocks,0,64,random_proj
conn-bench-sonar-mines-rocks,0,65,autofeat
conn-bench-sonar-mines-rocks,0,66,autofeat
conn-bench-sonar-mines-rocks,0,67,random_proj
conn-bench-sonar-mines-rocks,0,68,autofeat
conn-bench-sonar-mines-rocks,0,69,ht_svd
conn-bench-sonar-mines-rocks,0,70,random_proj
conn-bench-sonar-mines-rocks,0,71,identity
conn-bench-sonar-mines-rocks,0,72,identity
conn-bench-sonar-mines-rocks,0,73,random_proj
conn-bench-sonar-mines-rocks,0,74,random_proj
conn-bench-sonar-mines-rocks,0,75,ht_svd
conn-bench-sonar-mines-rocks,0,76,ht_svd
conn-bench-sonar-mines-rocks,0,77,identity
conn-bench-sonar-mines-rocks,0,78,ht_svd
conn-bench-sonar-mines-rocks,0,79,identity
conn-bench-sonar-mines-rocks,0,80,random_proj
conn-bench-sonar-mines-rocks,0,81,autofeat
conn-bench-sonar-mines-rocks,0,82,ht_svd
conn-bench-sonar-mines-rocks,0,83,random_proj
conn-bench-sonar-mines-rocks,0,84,autofeat
conn-bench-sonar-mines-rocks,0,85,identity
conn-bench-sonar-mines-rocks,0,86,ht_svd
conn-bench-sonar-mines-rocks,0,87,ht_svd
conn-bench-sonar-mines-rocks,0,88,identity
conn-bench-sonar-mines-rocks,0,89,identity
conn-bench-sonar-mines-rocks,0,90,identity
conn-bench-sonar-mines-rocks,0,91,random_proj
conn-bench-sonar-mines-rocks,0,92,random_proj
conn-bench-sonar-mines-rocks,0,93,autofeat
conn-bench-sonar-mines-rocks,0,94,random_proj
conn-bench-sonar-mines-rocks,0,95,identity
conn-bench-sonar-mines-rocks,0,96,random_proj
conn-bench-sonar-mines-rocks,0,97,identity
conn-bench-sonar-mines-rocks,0,98,identity
conn-bench-sonar-mines-rocks,0,99,identity
conn-bench-sonar-mines-rocks,1,0,ht_svd
conn-bench-sonar-mines-rocks,1,1,ht_svd
conn-bench-sonar-mines-rocks,1,2,random_proj
conn-bench-sonar-mines-rocks,1,3,ht_svd
conn-bench-sonar-mines-rocks,1,4,ht_svd
conn-bench-sonar-mines-rocks,1,5,random_proj
conn-bench-sonar-mines-rocks,1,6,autofeat
conn-bench-sonar-mines-rocks,1,7,random_proj
conn-bench-sonar-mines-rocks,1,8,random_proj
conn-bench-sonar-mines-rocks,1,9,ht_svd
conn-bench-sonar-mines-rocks,1,10,ht_svd
conn-bench-sonar-mines-rocks,1,11,autofeat
conn-bench-sonar-mines-rocks,1,12,random_proj
conn-bench-sonar-mines-rocks,1,13,ht_svd
conn-bench-sonar-mines-rocks,1,14,random_proj
conn-bench-sonar-mines-rocks,1,15,ht_svd
conn-bench-sonar-mines-rocks,1,16,identity
conn-bench-sonar-mines-rocks,1,17,random_proj
conn-bench-sonar-mines-rocks,1,18,autofeat
conn-bench-sonar-mines-rocks,1,19,identity
conn-bench-sonar-mines-rocks,1,20,autofeat
conn-bench-sonar-mines-rocks,1,21,autofeat
conn-bench-sonar-mines-rocks,1,22,autofeat
conn-bench-sonar-mines-rocks,1,23,identity
conn-bench-sonar-mines-rocks,1,24,identity
conn-bench-sonar-mines-rocks,1,25,autofeat
conn-bench-sonar-mines-rocks,1,26,random_proj
conn-bench-sonar-mines-rocks,1,27,autofeat
conn-bench-sonar-mines-rocks,1,28,autofeat
conn-bench-sonar-mines-rocks,1,29,random_proj
conn-bench-sonar-mines-rocks,1,30,random_proj
conn-bench-sonar-mines-rocks,1,31,random_proj
conn-bench-sonar-mines-rocks,1,32,ht_svd
conn-bench-sonar-mines-rocks,1,33,ht_svd
conn-bench-sonar-mines-rocks,1,34,random_proj
conn-bench-sonar-mines-rocks,1,35,ht_svd
conn-bench-sonar-mines-rocks,1,36,ht_svd
conn-bench-sonar-mines-rocks,1,37,identity
conn-bench-sonar-mines-rocks,1,38,autofeat
conn-bench-sonar-mines-rocks,1,39,random_proj
conn-bench-sonar-mines-rocks,1,40,autofeat
conn-bench-sonar-mines-rocks,1,41,autofeat
conn-bench-sonar-mines-rocks,1,42,identity
conn-bench-sonar-mines-rocks,1,43,random_proj
conn-bench-sonar-mines-rocks,1,44,ht_svd
conn-bench-sonar-mines-rocks,1,45,identity
conn-bench-sonar-mines-rocks,1,46,autofeat
conn-bench-sonar-mines-rocks,1,47,random_proj
conn-bench-sonar-mines-rocks,1,48,random_proj
conn-bench-sonar-mines-rocks,1,49,random_proj
conn-bench-sonar-mines-rocks,1,50,random_proj
conn-bench-sonar-mines-rocks,1,51,autofeat
conn-bench-sonar-mines-rocks,1,52,ht_svd
conn-bench-sonar-mines-rocks,1,53,ht_svd
conn-bench-sonar-mines-rocks,1,54,autofeat
conn-bench-sonar-mines-rocks,1,55,ht_svd
conn-bench-sonar-mines-rocks,1,56,autofeat
conn-bench-sonar-mines-rocks,1,57,ht_svd
conn-bench-sonar-mines-rocks,1,58,ht_svd
conn-bench-sonar-mines-rocks,1,59,ht_svd
conn-bench-sonar-mines-rocks,1,60,random_proj
conn-bench-sonar-mines-rocks,1,61,ht_svd
conn-bench-sonar-mines-rocks,1,62,autofeat
conn-bench-sonar-mines-rocks,1,63,ht_svd
conn-bench-sonar-mines-rocks,1,64,autofeat
conn-bench-sonar-mines-rocks,1,65,autofeat
conn-bench-sonar-mines-rocks,1,66,ht_svd
conn-bench-sonar-mines-rocks,1,67,identity
conn-bench-sonar-mines-rocks,1,68,autofeat
conn-bench-sonar-mines-rocks,1,69,ht_svd
conn-bench-sonar-mines-rocks,1,70,autofeat
conn-bench-sonar-mines-rocks,1,71,ht_svd
conn-bench-sonar-mines-rocks,1,72,ht_svd
conn-bench-sonar-mines-rocks,1,73,identity
conn-bench-sonar-mines-rocks,1,74,autofeat
conn-bench-sonar-mines-rocks,1,75,ht_svd
conn-bench-sonar-mines-rocks,1,76,identity
conn-bench-sonar-mines-rocks,1,77,identity
conn-bench-sonar-mines-rocks,1,78,ht_svd
conn-bench-sonar-mines-rocks,1,79,identity
conn-bench-sonar-mines-rocks,1,80,autofeat
conn-bench-sonar-mines-rocks,1,81,ht_svd
conn-bench-sonar-mines-rocks,1,82,random_proj
conn-bench-sonar-mines-rocks,1,83,identity
conn-bench-sonar-mines-rocks,1,84,identity
conn-bench-sonar-mines-rocks,1,85,ht_svd
conn-bench-sonar-mines-rocks,1,86,identity
conn-bench-sonar-mines-rocks,1,87,autofeat
conn-bench-sonar-mines-rocks,1,88,identity
conn-bench-sonar-mines-rocks,1,89,autofeat
conn-bench-sonar-mines-rocks,1,90,identity
conn-bench-sonar-mines-rocks,1,91,identity
conn-bench-sonar-mines-rocks,1,92,identity
conn-bench-sonar-mines-rocks,1,93,identity
conn-bench-sonar-mines-rocks,1,94,identity
conn-bench-sonar-mines-rocks,1,95,identity
conn-bench-sonar-mines-rocks,1,96,autofeat
conn-bench-sonar-mines-rocks,1,97,identity
conn-bench-sonar-mines-rocks,1,98,identity
conn-bench-sonar-mines-rocks,1,99,identity
conn-bench-sonar-mines-rocks,2,0,ht_svd
conn-bench-sonar-mines-rocks,2,1,random_proj
conn-bench-sonar-mines-rocks,2,2,identity
conn-bench-sonar-mines-rocks,2,3,autofeat
conn-bench-sonar-mines-rocks,2,4,ht_svd
conn-bench-sonar-mines-rocks,2,5,ht_svd
conn-bench-sonar-mines-rocks,2,6,identity
conn-bench-sonar-mines-rocks,2,7,random_proj
conn-bench-sonar-mines-rocks,2,8,autofeat
conn-bench-sonar-mines-rocks,2,9,random_proj
conn-bench-sonar-mines-rocks,2,10,autofeat
conn-bench-sonar-mines-rocks,2,11,random_proj
conn-bench-sonar-mines-rocks,2,12,ht_svd
conn-bench-sonar-mines-rocks,2,13,autofeat
conn-bench-sonar-mines-rocks,2,14,random_proj
conn-bench-sonar-mines-rocks,2,15,random_proj
conn-bench-sonar-mines-rocks,2,16,random_proj
conn-bench-sonar-mines-rocks,2,17,autofeat
conn-bench-sonar-mines-rocks,2,18,identity
conn-bench-sonar-mines-rocks,2,19,random_proj
conn-bench-sonar-mines-rocks,2,20,random_proj
conn-bench-sonar-mines-rocks,2,21,ht_svd
conn-bench-sonar-mines-rocks,2,22,ht_svd
conn-bench-sonar-mines-rocks,2,23,random_proj
conn-bench-sonar-mines-rocks,2,24,random_proj
conn-bench-sonar-mines-rocks,2,25,identity
conn-bench-sonar-mines-rocks,2,26,random_proj
conn-bench-sonar-mines-rocks,2,27,autofeat
conn-bench-sonar-mines-rocks,2,28,random_proj
conn-bench-sonar-mines-rocks,2,29,ht_svd
conn-bench-sonar-mines-rocks,2,30,autofeat
conn-bench-sonar-mines-rocks,2,31,autofeat
conn-bench-sonar-mines-rocks,2,32,autofeat
conn-bench-sonar-mines-rocks,2,33,autofeat
conn-bench-sonar-mines-rocks,2,34,ht_svd
conn-bench-sonar-mines-rocks,2,35,ht_svd
conn-bench-sonar-mines-rocks,2,36,autofeat
conn-bench-sonar-mines-rocks,2,37,random_proj
conn-bench-sonar-mines-rocks,2,38,random_proj
conn-bench-sonar-mines-rocks,2,39,random_proj
conn-bench-sonar-mines-rocks,2,40,autofeat
conn-bench-sonar-mines-rocks,2,41,autofeat
conn-bench-sonar-mines-rocks,2,42,ht_svd
conn-bench-sonar-mines-rocks,2,43,identity
conn-bench-sonar-mines-rocks,2,44,random_proj
conn-bench-sonar-mines-rocks,2,45,autofeat
conn-bench-sonar-mines-rocks,2,46,random_proj
conn-bench-sonar-mines-rocks,2,47,random_proj
conn-bench-sonar-mines-rocks,2,48,random_proj
conn-bench-sonar-mines-rocks,2,49,identity
conn-bench-sonar-mines-rocks,2,50,autofeat
conn-bench-sonar-mines-rocks,2,51,random_proj
conn-bench-sonar-mines-rocks,2,52,autofeat
conn-bench-sonar-mines-rocks,2,53,autofeat
conn-bench-sonar-mines-rocks,2,54,autofeat
conn-bench-sonar-mines-rocks,2,55,ht_svd
conn-bench-sonar-mines-rocks,2,56,identity
conn-bench-sonar-mines-rocks,2,57,random_proj
conn-bench-sonar-mines-rocks,2,58,identity
conn-bench-sonar-mines-rocks,2,59,autofeat
conn-bench-sonar-mines-rocks,2,60,identity
conn-bench-sonar-mines-rocks,2,61,random_proj
conn-bench-sonar-mines-rocks,2,62,ht_svd
conn-bench-sonar-mines-rocks,2,63,random_proj
conn-bench-sonar-mines-rocks,2,64,random_proj
conn-bench-sonar-mines-rocks,2,65,random_proj
conn-bench-sonar-mines-rocks,2,66,identity
conn-bench-sonar-mines-rocks,2,67,random_proj
conn-bench-sonar-mines-rocks,2,68,random_proj
conn-bench-sonar-mines-rocks,2,69,identity
conn-bench-sonar-mines-rocks,2,70,random_proj
conn-bench-sonar-mines-rocks,2,71,random_proj
conn-bench-sonar-mines-rocks,2,72,random_proj
conn-bench-sonar-mines-rocks,2,73,autofeat
conn-bench-sonar-mines-rocks,2,74,ht_svd
conn-bench-sonar-mines-rocks,2,75,ht_svd
conn-bench-sonar-mines-rocks,2,76,autofeat
conn-bench-sonar-mines-rocks,2,77,identity
conn-bench-sonar-mines-rocks,2,78,identity
conn-bench-sonar-mines-rocks,2,79,ht_svd
conn-bench-sonar-mines-rocks,2,80,identity
conn-bench-sonar-mines-rocks,2,81,identity
conn-bench-sonar-mines-rocks,2,82,random_proj
conn-bench-sonar-mines-rocks,2,83,identity
conn-bench-sonar-mines-rocks,2,84,identity
conn-bench-sonar-mines-rocks,2,85,identity
conn-bench-sonar-mines-rocks,2,86,ht_svd
conn-bench-sonar-mines-rocks,2,87,random_proj
conn-bench-sonar-mines-rocks,2,88,identity
conn-bench-sonar-mines-rocks,2,89,identity
conn-bench-sonar-mines-rocks,2,90,random_proj
conn-bench-sonar-mines-rocks,2,91,ht_svd
conn-bench-sonar-mines-rocks,2,92,autofeat
conn-bench-sonar-mines-rocks,2,93,ht_svd
conn-bench-sonar-mines-rocks,2,94,identity
conn-bench-sonar-mines-rocks,2,95,identity
conn-bench-sonar-mines-rocks,2,96,random_proj
conn-bench-sonar-mines-rocks,2,97,identity
conn-bench-sonar-mines-rocks,2,98,identity
conn-bench-sonar-mines-rocks,2,99,identity
conn-bench-sonar-mines-rocks,3,0,random_proj
conn-bench-sonar-mines-rocks,3,1,ht_svd
conn-bench-sonar-mines-rocks,3,2,autofeat
conn-bench-sonar-mines-rocks,3,3,ht_svd
conn-bench-sonar-mines-rocks,3,4,identity
conn-bench-sonar-mines-rocks,3,5,identity
conn-bench-sonar-mines-rocks,3,6,autofeat
conn-bench-sonar-mines-rocks,3,7,ht_svd
conn-bench-sonar-mines-rocks,3,8,identity
conn-bench-sonar-mines-rocks,3,9,random_proj
conn-bench-sonar-mines-rocks,3,10,random_proj
conn-bench-sonar-mines-rocks,3,11,identity
conn-bench-sonar-mines-rocks,3,12,identity
conn-bench-sonar-mines-rocks,3,13,ht_svd
conn-bench-sonar-mines-rocks,3,14,autofeat
conn-bench-sonar-mines-rocks,3,15,identity
conn-bench-sonar-mines-rocks,3,16,random_proj
conn-bench-sonar-mines-rocks,3,17,ht_svd
conn-bench-sonar-mines-rocks,3,18,identity
conn-bench-sonar-mines-rocks,3,19,ht_svd
conn-bench-sonar-mines-rocks,3,20,identity
conn-bench-sonar-mines-rocks,3,21,identity
conn-bench-sonar-mines-rocks,3,22,autofeat
conn-bench-sonar-mines-rocks,3,23,random_proj
conn-bench-sonar-mines-rocks,3,24,identity
conn-bench-sonar-mines-rocks,3,25,ht_svd
conn-bench-sonar-mines-rocks,3,26,autofeat
conn-bench-sonar-mines-rocks,3,27,autofeat
conn-bench-sonar-mines-rocks,3,28,identity
conn-bench-sonar-mines-rocks,3,29,autofeat
conn-bench-sonar-mines-rocks,3,30,random_proj
conn-bench-sonar-mines-rocks,3,31,identity
conn-bench-sonar-mines-rocks,3,32,autofeat
conn-bench-sonar-mines-rocks,3,33,identity
conn-bench-sonar-mines-rocks,3,34,identity
conn-bench-sonar-mines-rocks,3,35,autofeat
conn-bench-sonar-mines-rocks,3,36,identity
conn-bench-sonar-mines-rocks,3,37,random_proj
conn-bench-sonar-mines-rocks,3,38,autofeat
conn-bench-sonar-mines-rocks,3,39,autofeat
conn-bench-sonar-mines-rocks,3,40,autofeat
conn-bench-sonar-mines-rocks,3,41,identity
conn-bench-sonar-mines-rocks,3,42,identity
conn-bench-sonar-mines-rocks,3,43,autofeat
conn-bench-sonar-mines-rocks,3,44,identity
conn-bench-sonar-mines-rocks,3,45,identity
conn-bench-sonar-mines-rocks,3,46,identity
conn-bench-sonar-mines-rocks,3,47,random_proj
conn-bench-sonar-mines-rocks,3,48,autofeat
conn-bench-sonar-mines-rocks,3,49,identity
conn-bench-sonar-mines-rocks,3,50,identity
conn-bench-sonar-mines-rocks,3,51,identity
conn-bench-sonar-mines-rocks,3,52,autofeat
conn-bench-sonar-mines-rocks,3,53,identity
conn-bench-sonar-mines-rocks,3,54,random_proj
conn-bench-sonar-mines-rocks,3,55,autofeat
conn-bench-sonar-mines-rocks,3,56,random_proj
conn-bench-sonar-mines-rocks,3,57,identity
conn-bench-sonar-mines-rocks,3,58,autofeat
conn-bench-sonar-mines-rocks,3,59,autofeat
conn-bench-sonar-mines-rocks,3,60,autofeat
conn-bench-sonar-mines-rocks,3,61,autofeat
conn-bench-sonar-mines-rocks,3,62,autofeat
conn-bench-sonar-mines-rocks,3,63,random_proj
conn-bench-sonar-mines-rocks,3,64,identity
conn-bench-sonar-mines-rocks,3,65,autofeat
conn-bench-sonar-mines-rocks,3,66,autofeat
conn-bench-sonar-mines-rocks,3,67,identity
conn-bench-sonar-mines-rocks,3,68,autofeat
conn-bench-sonar-mines-rocks,3,69,random_proj
conn-bench-sonar-mines-rocks,3,70,random_proj
conn-bench-sonar-mines-rocks,3,71,identity
conn-bench-sonar-mines-rocks,3,72,autofeat
conn-bench-sonar-mines-rocks,3,73,identity
conn-bench-sonar-mines-rocks,3,74,autofeat
conn-bench-sonar-mines-rocks,3,75,random_proj
conn-bench-sonar-mines-rocks,3,76,random_proj
conn-bench-sonar-mines-rocks,3,77,random_proj
conn-bench-sonar-mines-rocks,3,78,identity
conn-bench-sonar-mines-rocks,3,79,identity
conn-bench-sonar-mines-rocks,3,80,identity
conn-bench-sonar-mines-rocks,3,81,identity
conn-bench-sonar-mines-rocks,3,82,identity
conn-bench-sonar-mines-rocks,3,83,random_proj
conn-bench-sonar-mines-rocks,3,84,identity
conn-bench-sonar-mines-rocks,3,85,identity
conn-bench-sonar-mines-rocks,3,86,identity
conn-bench-sonar-mines-rocks,3,87,identity
conn-bench-sonar-mines-rocks,3,88,autofeat
conn-bench-sonar-mines-rocks,3,89,identity
conn-bench-sonar-mines-rocks,3,90,identity
conn-bench-sonar-mines-rocks,3,91,identity
conn-bench-sonar-mines-rocks,3,92,identity
conn-bench-sonar-mines-rocks,3,93,identity
conn-bench-sonar-mines-rocks,3,94,identity
conn-bench-sonar-mines-rocks,3,95,identity
conn-bench-sonar-mines-rocks,3,96,autofeat
conn-bench-sonar-mines-rocks,3,97,identity
conn-bench-sonar-mines-rocks,3,98,identity
conn-bench-sonar-mines-rocks,3,99,identity
